id,name,city,state_province,country_code,latitude,longitude,ports,power_kw,power_class,is_fast_dc
460247,Petron Bandar Tasik Puteri EB by DC Handal,Rawang,Selangor,MY,3.291936,101.479262,2,180.0,DC_ULTRA_(>=150kW),True
460234,GO TO-U EDUCITY HUB @ ISKANDAR PUTERI,ISKANDAR PUTERI,Johor,MY,1.431965,103.61727,2,120.0,DC_FAST_(50-149kW),True
459797,MYDIN KUBANG KERIAN (Shopping Mall),Kota Bharu,Kelantan,MY,6.097991,102.277771,1,60.0,DC_FAST_(50-149kW),True
459796,THE WALK @ RIVERSON (Shopping Mall),Kota Kinabalu,Sabah,MY,5.969017,116.064499,1,22.0,AC_HIGH_(22-49kW),False
459795,LIDO PLAZA 2 (Shopping Mall),Penampang,Sabah,MY,5.936645,116.082413,1,22.0,AC_HIGH_(22-49kW),False
459794,PERMAIPURA GOLF & COUNTRY CLUB (Golf Course),Bedong,Kedah,MY,5.728236,100.527924,1,22.0,AC_HIGH_(22-49kW),False
459793,CINTA SAYANG RESORT (Hotel),Sungai Petani,Kedah,MY,5.659039,100.518845,1,40.0,AC_HIGH_(22-49kW),False
459792,PUREST HOTEL SUNGAI PETANI (Hotel),Sungai Petani,Kedah,MY,5.614636,100.482018,1,22.0,AC_HIGH_(22-49kW),False
459791,THE REEF PENANG (Residential Condo),Batu Ferringhi,Pulau Pinang,MY,5.477899,100.269989,1,22.0,AC_HIGH_(22-49kW),False
459790,[Restricted] SURIN CONDOMINIUM (Residential Condo),TANJUNG BUNGAH,Pulau Pinang,MY,5.466606,100.274902,1,40.0,AC_HIGH_(22-49kW),False
459789,[Restricted] ONE TANJONG (TOWER A) (Residential Condo),George Town,Pulau Pinang,MY,5.466416,100.293724,1,40.0,AC_HIGH_(22-49kW),False
459788,[Restricted] PEARL VIEW CONDOMINIUM (Residential Condo),Penang Hill,Pulau Pinang,MY,5.464443,100.295944,1,22.0,AC_HIGH_(22-49kW),False
459787,[Restricted] TAMAN LEADER CONDOMINIUM (Residential Condo),Tanjung Bungah,Pulau Pinang,MY,5.463445,100.277107,1,40.0,AC_HIGH_(22-49kW),False
459786,MBPP PASAR TANJONG BUNGAH (Public Area),Tanjung Bungah,Pulau Pinang,MY,5.46335,100.28508,1,50.0,DC_FAST_(50-149kW),True
459785,ANGSANA TELUK BAHANG PENANG (Hotel),Tanjong Bungah,Pulau Pinang,MY,5.461868,100.219742,1,40.0,AC_HIGH_(22-49kW),False
459784,[Restricted] QUAYSIDE CONDOMINIUM (Residential Condo),Georgetown,Pulau Pinang,MY,5.460772,100.312714,1,22.0,AC_HIGH_(22-49kW),False
459783,[Restricted] TAMARIND CONDO PENANG (Residential Condo),Tanjung Tokong,Pulau Pinang,MY,5.456723,100.309563,1,22.0,AC_HIGH_(22-49kW),False
459782,[Restricted] I-SANTORINI CONDOMINIUM (Residential Condo),Tanjung Tokong,Pulau Pinang,MY,5.455225,100.309143,1,22.0,AC_HIGH_(22-49kW),False
459781,[Restricted] MARINOX SKY VILLAS (Residential Condo),Tanjung Tokong,Pulau Pinang,MY,5.454387,100.310135,1,22.0,AC_HIGH_(22-49kW),False
459780,[Restricted] THE BREZZA CONDOMINIUM BLOCK A (Residential Condo),Tanjung Tokong,Pulau Pinang,MY,5.453275,100.308083,1,40.0,AC_HIGH_(22-49kW),False
459779,[Restricted] TANJUNG PARK CONDOMINIUM (INDOOR) (Residential Condo),Pulau Pinang,Pulau Pinang,MY,5.450439,100.303711,1,22.0,AC_HIGH_(22-49kW),False
459778,[Restricted] TANJUNG PARK CONDOMINIUM (OUTDOOR) (Residential Condo),Pulau Pinang,Pulau Pinang,MY,5.450167,100.304626,1,22.0,AC_HIGH_(22-49kW),False
459777,MBPP PRECINT 10 (Public Area),George Town,Pulau Pinang,MY,5.448701,100.30558,1,50.0,DC_FAST_(50-149kW),True
459776,[Restricted] MONT RESIDENCES PENANG (Residential Condo),Georgetown,Pulau Pinang,MY,5.446555,100.29882,1,22.0,AC_HIGH_(22-49kW),False
459775,G HOTEL GURNEY (Hotel),Georgetown,Pulau Pinang,MY,5.437557,100.310631,1,47.0,AC_HIGH_(22-49kW),False
459774,G KELAWAI HOTEL (Hotel),Georgetown,Pulau Pinang,MY,5.435551,100.309929,1,22.0,AC_HIGH_(22-49kW),False
459773,MBPP JALAN CONCORDIA (Public Area),George Town,Pulau Pinang,MY,5.434278,100.314377,1,50.0,DC_FAST_(50-149kW),True
459772,[Restricted] SETIA V RESIDENCES (Residential Condo),GEORGE TOWN,Pulau Pinang,MY,5.432878,100.314827,1,40.0,AC_HIGH_(22-49kW),False
459771,MBPP JALAN ARRATOON (Public Area),George Town,Pulau Pinang,MY,5.422729,100.323074,1,50.0,DC_FAST_(50-149kW),True
459770,MBPP LEBUH UNION (Public Area),George Town,Pulau Pinang,MY,5.419094,100.342606,1,50.0,DC_FAST_(50-149kW),True
459769,MBPP LEBUH DICKENS (Public Area),George Town,Pulau Pinang,MY,5.418923,100.330742,1,50.0,DC_FAST_(50-149kW),True
459768,[Restricted] ELEMENTS GARDEN (Residential Condo),Butterworth,Pulau Pinang,MY,5.417818,100.382507,1,22.0,AC_HIGH_(22-49kW),False
459767,MBPP LEBUH CINTRA (Public Area),George Town,Pulau Pinang,MY,5.417183,100.333359,1,50.0,DC_FAST_(50-149kW),True
459766,MBPP LEBUH PASAR (LITTLE INDIA) (Public Area),George Town,Pulau Pinang,MY,5.416258,100.340462,1,22.0,AC_HIGH_(22-49kW),False
459765,MBPP GAT LEBUH GEREJA (Public Area),George Town,Pulau Pinang,MY,5.415994,100.343353,1,50.0,DC_FAST_(50-149kW),True
459764,MBPP GAT LEBUH CHINA (Public Area),George Town,Pulau Pinang,MY,5.415108,100.342506,1,50.0,DC_FAST_(50-149kW),True
459763,1ST AVENUE PENANG (Shopping Mall),Georgetown,Pulau Pinang,MY,5.413373,100.331314,1,22.0,AC_HIGH_(22-49kW),False
459762,CYC HERITAGE HOTEL (Hotel),George Town,Pulau Pinang,MY,5.408709,100.331421,1,22.0,AC_HIGH_(22-49kW),False
459761,[Restricted] SANDILANDS CONDOMINIUM (Residential Condo),Georgetown,Pulau Pinang,MY,5.405225,100.329376,1,22.0,AC_HIGH_(22-49kW),False
459760,MBPP JALAN PASAR (KEK LOK SI) (Public Area),Air Itam,Pulau Pinang,MY,5.401554,100.27655,1,50.0,DC_FAST_(50-149kW),True
459759,[Restricted] WOODSBURY SUITES (Residential Condo),Butterworth,Pulau Pinang,MY,5.39948,100.374596,1,22.0,AC_HIGH_(22-49kW),False
459758,MBPP PERSIARAN KARPAL SINGH (Public Area),Jelutong,Pulau Pinang,MY,5.398926,100.329536,1,50.0,DC_FAST_(50-149kW),True
459757,[Restricted] BOULEVARD PENANG CONDOMINIUM (Residential Condo),Ayer Itam,Pulau Pinang,MY,5.397755,100.294464,1,22.0,AC_HIGH_(22-49kW),False
459756,[Restricted] LUMINARI RESIDENCES (Residential Condo),Butterworth,Pulau Pinang,MY,5.397302,100.373077,1,40.0,AC_HIGH_(22-49kW),False
459755,[Restricted] THE SPRING CONDOMINIUM (Residential Condo),Sungai Pinang,Pulau Pinang,MY,5.396901,100.325943,1,22.0,AC_HIGH_(22-49kW),False
459754,MBPP JALAN MASJID NEGERI (Public Area),Jelutong,Pulau Pinang,MY,5.396493,100.304092,1,50.0,DC_FAST_(50-149kW),True
459753,SUNWAY MEDICAL CENTRE PENANG (LEVEL 1B) (Medical),Perai,Pulau Pinang,MY,5.395644,100.396744,1,22.0,AC_HIGH_(22-49kW),False
459752,MBPP JALAN LENGGONG (Public Area),Jelutong,Pulau Pinang,MY,5.395393,100.31691,1,50.0,DC_FAST_(50-149kW),True
459751,MBPP JALAN TAN SRI TEH EWE LIM (Public Area),Jelutong,Pulau Pinang,MY,5.393008,100.306,1,50.0,DC_FAST_(50-149kW),True
459750,MBPP PASAR BATU LANCHANG (Public Area),JELUTONG,Pulau Pinang,MY,5.389948,100.305725,1,50.0,DC_FAST_(50-149kW),True
459749,[Restricted] BAYSWATER CONDOMINIUM (Residential Condo),Gelugor,Pulau Pinang,MY,5.376084,100.314514,1,22.0,AC_HIGH_(22-49kW),False
459748,[Restricted] PLATINO CONDOMINIUM (Residential Condo),Jelutong,Pulau Pinang,MY,5.376035,100.312653,1,22.0,AC_HIGH_(22-49kW),False
459747,"MBPP PASAR JALAN PERMAI, GELUGOR (Commercial)",Penang,Pulau Pinang,MY,5.371862,100.301521,1,50.0,DC_FAST_(50-149kW),True
459746,MYDIN BUKIT MERTAJAM (Shopping Mall),Bukit Mertajam,Pulau Pinang,MY,5.368251,100.414551,1,80.0,DC_FAST_(50-149kW),True
459745,MYDIN GONG BADAK (Shopping Mall),Kuala Terengganu,Terengganu,MY,5.355653,103.096504,1,60.0,DC_FAST_(50-149kW),True
459744,[Restricted] PANGSAPURI SERI JAYA BUKIT MERTAJAM (Residential Condo),Bukit Mertajam,Pulau Pinang,MY,5.349842,100.472855,1,22.0,AC_HIGH_(22-49kW),False
459743,[Restricted] BERJAYA CONDOMINIUM (Residential Condo),Bukit Mertajam,Pulau Pinang,MY,5.348321,100.470856,1,22.0,AC_HIGH_(22-49kW),False
459742,[Restricted] ICONIC SKIES (Residential Condo),Bayan Lepas,Pulau Pinang,MY,5.342919,100.281273,1,40.0,AC_HIGH_(22-49kW),False
459741,MBPP KOMPLEX SUKAN BANDARAYA RELAU (Commercial),Bayan Lepas,Pulau Pinang,MY,5.342166,100.271591,1,50.0,DC_FAST_(50-149kW),True
459740,[Restricted] QUAY WEST RESIDENCE (Residential Condo),Bayan Lepas,Pulau Pinang,MY,5.342048,100.310806,1,40.0,AC_HIGH_(22-49kW),False
459739,[Restricted] PUTRA PLACE CONDOMINIUM (Residential Condo),Bayan Lepas,Pulau Pinang,MY,5.340545,100.309975,1,40.0,AC_HIGH_(22-49kW),False
459738,MAYANG MALL (Shopping Mall),Kuala Terengganu,Terengganu,MY,5.337903,103.143982,1,60.0,DC_FAST_(50-149kW),True
459737,MBPP GOLDEN TRIANGLE (Public Area),Bayan Lepas,Pulau Pinang,MY,5.33707,100.270882,1,50.0,DC_FAST_(50-149kW),True
459736,[Restricted] IMPERIAL RESIDENCES CONDOMINIUM (Residential Condo),Bayan Lepas,Pulau Pinang,MY,5.334093,100.271492,1,40.0,AC_HIGH_(22-49kW),False
459735,MBPP MEDAN KAMPUNG RELAU (Public Area),Bayan Lepas,Pulau Pinang,MY,5.333898,100.294701,1,50.0,DC_FAST_(50-149kW),True
459734,MBPP 7 ELEVEN BALIK PULAU (Public Area),Balik Pulau,Pulau Pinang,MY,5.333833,100.21698,1,50.0,DC_FAST_(50-149kW),True
459733,[Restricted] NOVUS RESIDENCES (Residential Condo),Bayan Lepas,Pulau Pinang,MY,5.332276,100.298653,1,40.0,AC_HIGH_(22-49kW),False
459732,PROTON e.MAS KUALA TERENGGANU (Car Showroom),Kuala Terengganu,Terengganu,MY,5.315983,103.150764,1,40.0,AC_HIGH_(22-49kW),False
459731,[Restricted] SOLARIA RESIDENCES (Residential Condo),Bayan Lepas,Pulau Pinang,MY,5.300654,100.265976,1,22.0,AC_HIGH_(22-49kW),False
459730,MBPP PASAR KELICAP (Public Area),Bayan Lepas,Pulau Pinang,MY,5.3005,100.257675,1,50.0,DC_FAST_(50-149kW),True
459729,[Restricted] ECO BLOOM CONDOMINIUM (Residential Condo),SIMPANG AMPAT,Pulau Pinang,MY,5.25882,100.469116,1,40.0,AC_HIGH_(22-49kW),False
459728,[Restricted] SUASANA @ UTROPOLIS (Residential Condo),Bandar Cassia,Pulau Pinang,MY,5.241358,100.435699,1,40.0,AC_HIGH_(22-49kW),False
459727,BEVERLY HOTEL TAIPING (FOOD AVENUE) (Hotel),Taiping,Perak,MY,4.864984,100.73056,1,40.0,AC_HIGH_(22-49kW),False
459726,FLEMINGTON HOTEL TAIPING (Hotel),Taiping,Perak,MY,4.847657,100.750282,1,22.0,AC_HIGH_(22-49kW),False
459725,MYDIN MERU (Shopping Mall),Ipoh,Perak,MY,4.671015,101.074158,1,60.0,DC_FAST_(50-149kW),True
459724,[Restricted] TASEK FAMILY HOMESTAY (Homestay),Ipoh,Perak,MY,4.650584,101.10733,1,22.0,AC_HIGH_(22-49kW),False
459723,THE HAVEN ALL SUITE RESORT @ IPOH (BLOCK A) (Hotel),Ipoh,Perak,MY,4.63739,101.163017,1,22.0,AC_HIGH_(22-49kW),False
459722,FESTIVAL WALK @ IPOH (Commercial),Ipoh,Perak,MY,4.619425,101.119522,1,60.0,DC_FAST_(50-149kW),True
459721,[Restricted] THE COVE HILLSIDE RESIDENCE BLOCK A (Residential Condo),Ipoh,Perak,MY,4.613544,101.13533,1,22.0,AC_HIGH_(22-49kW),False
459720,M ROOF HOTEL & RESIDENCES (Hotel),Ipoh,Perak,MY,4.612164,101.105164,1,22.0,AC_HIGH_(22-49kW),False
459719,REGALODGE HOTEL IPOH (Hotel),Ipoh,Perak,MY,4.600909,101.08696,1,22.0,AC_HIGH_(22-49kW),False
459718,[Restricted] PRIMA IPOH CONDOMINIUM (Residential Condo),Ipoh,Perak,MY,4.595509,101.097816,1,22.0,AC_HIGH_(22-49kW),False
459717,[Restricted] DAMAIPURI CONDOMINIUM (Residential Condo),Ipoh,Perak,MY,4.585387,101.091469,1,22.0,AC_HIGH_(22-49kW),False
459716,[Restricted] PARKVIEW RESIDENCE (Residential Condo),Ipoh,Perak,MY,4.542344,101.106583,1,22.0,AC_HIGH_(22-49kW),False
459715,ECONSAVE CASH & CARRY KAMPAR (Grocery),Kampar,Perak,MY,4.32785,101.146538,1,60.0,DC_FAST_(50-149kW),True
459714,THE KASTURI RESORT CHERATING (Hotel),Kuantan,Pahang,MY,4.163994,103.410583,1,22.0,AC_HIGH_(22-49kW),False
459713,"BLH ECOENERGY , KUANTAN (Commercial)",Kuantan,Pahang,MY,3.841507,103.336868,1,22.0,AC_HIGH_(22-49kW),False
459712,KEMAMAN KOPITIAM JALAN BESERAH (Restaurant),Kuantan,Pahang,MY,3.827981,103.340355,1,22.0,AC_HIGH_(22-49kW),False
459711,ZENITH HOTEL KUANTAN (Hotel),Kuantan,Pahang,MY,3.819549,103.325966,1,22.0,AC_HIGH_(22-49kW),False
459710,EMPIRE RESTAURANT (Restaurant),Kuantan,Pahang,MY,3.817081,103.329659,1,22.0,AC_HIGH_(22-49kW),False
459709,MEGA VIEW HOTEL (Hotel),Kuantan,Pahang,MY,3.805526,103.329231,1,40.0,AC_HIGH_(22-49kW),False
459708,MAJLIS BANDARAYA KUANTAN (MBK) (Commercial),Kuantan,Pahang,MY,3.797902,103.322044,1,22.0,AC_HIGH_(22-49kW),False
459707,RESTORAN SENTOSA RAUB (Restaurant),Raub District,W.P. Kuala Lumpur,MY,3.754591,101.853226,1,22.0,AC_HIGH_(22-49kW),False
459706,HOTEL GREEN PARK TEMERLOH (Hotel),Temerloh,Pahang,MY,3.443756,102.413109,1,22.0,AC_HIGH_(22-49kW),False
459705,"[Restricted] RAINTREE BATU CAVES, SELANGOR (Residential Condo)",Batu Caves,W.P. Kuala Lumpur,MY,3.245793,101.68248,1,22.0,AC_HIGH_(22-49kW),False
459704,SELAYANG CAPITOL KOMPLEX (Shopping Mall),Batu Caves,W.P. Kuala Lumpur,MY,3.243213,101.649673,1,40.0,AC_HIGH_(22-49kW),False
459703,[Restricted] NADAYU 63 (Residential Condo),Kuala Lumpur,W.P. Kuala Lumpur,MY,3.22253,101.752602,1,22.0,AC_HIGH_(22-49kW),False
459702,[Restricted] NADAYU 62 (Residential Condo),Kuala Lumpur,W.P. Kuala Lumpur,MY,3.221433,101.75145,1,40.0,AC_HIGH_(22-49kW),False
459701,[Restricted] SURIA PUTRA RESIDENCE (Residential Condo),Sungai Buloh,Selangor,MY,3.218914,101.555115,1,22.0,AC_HIGH_(22-49kW),False
459700,[Restricted] GAYA APARTMENT (Residential Condo),Kuala Lumpur,W.P. Kuala Lumpur,MY,3.212245,101.745728,1,60.0,DC_FAST_(50-149kW),True
459699,[Restricted] LAKEVILLE RESIDENCE TAMAN WAHYU (Residential Condo),Jalan Ipoh,W.P. Kuala Lumpur,MY,3.209003,101.668945,1,40.0,AC_HIGH_(22-49kW),False
459698,SMILE HOTEL WANGSA MAJU (Hotel),Setiawangsa,W.P. Kuala Lumpur,MY,3.20335,101.736328,1,22.0,AC_HIGH_(22-49kW),False
459697,[Restricted] 1 SENTUL CONDOMINIUM (Residential Condo),Sentul,W.P. Kuala Lumpur,MY,3.200006,101.689575,1,22.0,AC_HIGH_(22-49kW),False
459696,[Restricted] QUINN RESIDENCE OFFICIAL (Residential Condo),Kuala Lumpur,W.P. Kuala Lumpur,MY,3.199034,101.738152,1,22.0,AC_HIGH_(22-49kW),False
459695,[Restricted] MH PLATINUM RESIDENCE (Residential Condo),Gombak,Selangor,MY,3.198403,101.704727,1,22.0,AC_HIGH_(22-49kW),False
459694,[Restricted] SPHERE DAMANSARA (Residential Condo),Petaling Jaya,Selangor,MY,3.197164,101.599075,1,22.0,AC_HIGH_(22-49kW),False
459693,[Restricted] SERI RIANA RESIDENCES (Residential Condo),Kuala Lumpur,W.P. Kuala Lumpur,MY,3.196209,101.739929,1,30.0,AC_HIGH_(22-49kW),False
459692,[Restricted] BENNINGTON RESIDENCES (Residential Condo),Kuala Lumpur,W.P. Kuala Lumpur,MY,3.194103,101.714622,1,22.0,AC_HIGH_(22-49kW),False
459691,SINCHOIWAH RESTAURANT SDN BHD (Restaurant),Jinjang Kepong,W.P. Kuala Lumpur,MY,3.194077,101.634285,1,40.0,AC_HIGH_(22-49kW),False
459690,[Restricted] DUA MENJALARA KONDOMINIUM (Residential Condo),Jinjang Kepong,W.P. Kuala Lumpur,MY,3.192754,101.635666,1,22.0,AC_HIGH_(22-49kW),False
459689,[Restricted] FERA RESIDENCE (Residential Condo),Kuala Lumpur,W.P. Kuala Lumpur,MY,3.191956,101.737511,1,22.0,AC_HIGH_(22-49kW),False
459688,[Restricted] UNITED POINT RESIDENCES (Residential Condo),Segambut,W.P. Kuala Lumpur,MY,3.191765,101.653366,1,22.0,AC_HIGH_(22-49kW),False
459687,[Restricted] LEXA RESIDENCE (Residential Condo),Kuala Lumpur,W.P. Kuala Lumpur,MY,3.191246,101.736626,1,22.0,AC_HIGH_(22-49kW),False
459686,[Restricted] THE REACH @ TITIWANGSA (Residential Condo),Setapak,W.P. Kuala Lumpur,MY,3.18707,101.704689,1,40.0,AC_HIGH_(22-49kW),False
459685,[Restricted] HERITAGE CONDOMINIUM (Residential Condo),Setapak,W.P. Kuala Lumpur,MY,3.186329,101.700851,1,22.0,AC_HIGH_(22-49kW),False
459684,[Restricted] BREEZEWAY RESIDENCES (Residential Condo),Pandan Perdana,W.P. Kuala Lumpur,MY,3.185125,101.634544,1,22.0,AC_HIGH_(22-49kW),False
459683,[Restricted] ANJALI NORTH KIARA (Residential Condo),Mont Kiara,W.P. Kuala Lumpur,MY,3.183415,101.652992,1,22.0,AC_HIGH_(22-49kW),False
459682,[Restricted] THE FENNEL SENTUL EAST (Residential Condo),Sentul,W.P. Kuala Lumpur,MY,3.182122,101.693649,1,22.0,AC_HIGH_(22-49kW),False
459681,[Restricted] DAMANSARA FORESTA (Residential Condo),Bukit Damansara A,W.P. Kuala Lumpur,MY,3.181285,101.612526,1,22.0,AC_HIGH_(22-49kW),False
459680,[Restricted] ICON RESIDENCE MONT KIARA (Residential Condo),Cheras,W.P. Kuala Lumpur,MY,3.179405,101.663658,1,22.0,AC_HIGH_(22-49kW),False
459679,[Restricted] CONCERTO NORTH KIARA CONDOMINIUM GROUND PARKING (Residential Condo),Segambut,W.P. Kuala Lumpur,MY,3.178471,101.658821,1,22.0,AC_HIGH_(22-49kW),False
459678,[Restricted] RESIDENSI HARMONI 2 (Residential Condo),Segambut,W.P. Kuala Lumpur,MY,3.178458,101.644836,1,22.0,AC_HIGH_(22-49kW),False
459677,[Restricted] VILLA ORKID CONDOMINIUM (Residential Condo),Segambut,W.P. Kuala Lumpur,MY,3.178057,101.644402,1,22.0,AC_HIGH_(22-49kW),False
459676,[Restricted] CONCERTO NORTH KIARA CONDOMINIUM BLOCK B (Residential Condo),Mont Kiara,W.P. Kuala Lumpur,MY,3.177837,101.658791,1,22.0,AC_HIGH_(22-49kW),False
459675,[Restricted] WEDGEWOOD RESIDENCES (Residential Condo),Mont Kiara,W.P. Kuala Lumpur,MY,3.174555,101.657722,1,22.0,AC_HIGH_(22-49kW),False
459674,[Restricted] PANGSAPURI ONE JELATEK (Residential Condo),Klang,Selangor,MY,3.173146,101.734619,1,22.0,AC_HIGH_(22-49kW),False
459673,[Restricted] HARTAMAS REGENCY 2 (Residential Condo),Kuala Lumpur,W.P. Kuala Lumpur,MY,3.173123,101.66275,1,40.0,AC_HIGH_(22-49kW),False
459672,[Restricted] KIARAVILLE CONDOMINIUM (Residential Condo),Kuala Lumpur,W.P. Kuala Lumpur,MY,3.172485,101.659172,1,22.0,AC_HIGH_(22-49kW),False
459671,[Restricted] EXPRESSIONZ PROFESSIONAL SUITES (Residential Condo),Kuala Lumpur,W.P. Kuala Lumpur,MY,3.171628,101.712433,1,40.0,AC_HIGH_(22-49kW),False
459670,GURNEY MALL (Shopping Mall),Keramat,W.P. Kuala Lumpur,MY,3.171486,101.72126,1,40.0,AC_HIGH_(22-49kW),False
459669,[Restricted] SUNWAY MONT RESIDENCE (Residential Condo),Mont Kiara,W.P. Kuala Lumpur,MY,3.169577,101.647079,1,22.0,AC_HIGH_(22-49kW),False
459668,[Restricted] CHYMES GURNEY RESIDENCY (Residential Condo),Keramat,W.P. Kuala Lumpur,MY,3.169267,101.726036,1,22.0,AC_HIGH_(22-49kW),False
459667,[Restricted] LAMAN SURIA (Residential Condo),Mont Kiara,W.P. Kuala Lumpur,MY,3.169065,101.650833,1,22.0,AC_HIGH_(22-49kW),False
459666,[Restricted] CASA KIARA 2 CONDOMINIUM (Residential Condo),Mont Kiara,W.P. Kuala Lumpur,MY,3.168871,101.646622,1,22.0,AC_HIGH_(22-49kW),False
459665,[Restricted] KIARA DESIGNERS SUITES (Residential Condo),Mont Kiara,W.P. Kuala Lumpur,MY,3.16838,101.647987,1,22.0,AC_HIGH_(22-49kW),False
459664,[Restricted] RESIDENSI 22 MONT KIARA (Residential Condo),Kuala Lumpur,W.P. Kuala Lumpur,MY,3.167785,101.650536,1,22.0,AC_HIGH_(22-49kW),False
459663,[Restricted] KIARAMAS SUTERA CONDO (Residential Condo),Mont Kiara,W.P. Kuala Lumpur,MY,3.167461,101.643799,1,22.0,AC_HIGH_(22-49kW),False
459662,MENARA MUSTAPHA KAMAL (Commercial),Petaling Jaya,Selangor,MY,3.167105,101.613358,1,22.0,AC_HIGH_(22-49kW),False
459661,[Restricted] I-ZEN KIARA 2 (Residential Condo),Kuala Lumpur,W.P. Kuala Lumpur,MY,3.165764,101.654022,1,22.0,AC_HIGH_(22-49kW),False
459660,[Restricted] FLORA MURNI CONDOMINIUM (Residential Condo),Mont Kiara,W.P. Kuala Lumpur,MY,3.165466,101.650841,1,22.0,AC_HIGH_(22-49kW),False
459659,[Restricted] LANAI KIARA CONDOMINIUM (Residential Condo),Mont Kiara,W.P. Kuala Lumpur,MY,3.165365,101.648788,1,22.0,AC_HIGH_(22-49kW),False
459658,MERCU MUSTAPHA KAMAL (Commercial),Petaling Jaya,Selangor,MY,3.164928,101.613968,1,22.0,AC_HIGH_(22-49kW),False
459657,MENARA TOKIO MARINE (Commercial),Kuala Lumpur,W.P. Kuala Lumpur,MY,3.16296,101.717049,1,22.0,AC_HIGH_(22-49kW),False
459656,[Restricted] 202 DESA CAHAYA (Residential Condo),Keramat,W.P. Kuala Lumpur,MY,3.161202,101.725151,1,22.0,AC_HIGH_(22-49kW),False
459655,GREAT EASTERN MALL (LEVEL P1) (Shopping Mall),Kuala Lumpur,W.P. Kuala Lumpur,MY,3.16059,101.736671,1,40.0,AC_HIGH_(22-49kW),False
459654,[Restricted] NOVO AMPANG (Residential Condo),Kuala Lumpur,W.P. Kuala Lumpur,MY,3.160543,101.739365,1,22.0,AC_HIGH_(22-49kW),False
459653,[Restricted] GCB COURT (Residential Condo),Kuala Lumpur,W.P. Kuala Lumpur,MY,3.160379,101.748093,1,40.0,AC_HIGH_(22-49kW),False
459652,GREAT EASTERN MALL (Shopping Mall),Kuala Lumpur,W.P. Kuala Lumpur,MY,3.160346,101.736938,1,60.0,DC_FAST_(50-149kW),True
459651,INTERCONTINENTAL HOTEL KL (Hotel),KLCC,W.P. Kuala Lumpur,MY,3.159514,101.717857,1,60.0,DC_FAST_(50-149kW),True
459650,[Restricted] THE FACE SUITES (Residential Condo),Kuala Lumpur,W.P. Kuala Lumpur,MY,3.158533,101.703842,1,40.0,AC_HIGH_(22-49kW),False
459649,[Restricted] SERI HENING RESIDENCE (Residential Condo),Kuala Lumpur,W.P. Kuala Lumpur,MY,3.158469,101.737213,1,22.0,AC_HIGH_(22-49kW),False
459648,SHOPPES AT FOUR SEASON PLACE (Commercial),Kuala Lumpur,W.P. Kuala Lumpur,MY,3.158184,101.713768,1,22.0,AC_HIGH_(22-49kW),False
459647,THE CURVE (Shopping Mall),Petaling Jaya,Selangor,MY,3.157687,101.611427,1,47.0,AC_HIGH_(22-49kW),False
459646,[PARTNER EVHUB] PERTAMA COMPLEX (Shopping Mall),Jalan Duta,W.P. Kuala Lumpur,MY,3.157289,101.695572,1,22.0,AC_HIGH_(22-49kW),False
459645,SOGO KL (Shopping Mall),Kuala Lumpur,W.P. Kuala Lumpur,MY,3.156078,101.69529,1,60.0,DC_FAST_(50-149kW),True
459644,CONCORDE HOTEL (Hotel),KLCC,W.P. Kuala Lumpur,MY,3.155288,101.705879,1,22.0,AC_HIGH_(22-49kW),False
459643,[Restricted] DAMAI SURIA CONDOMINIUM (Residential Condo),Jln Ampang,W.P. Kuala Lumpur,MY,3.154796,101.730087,1,22.0,AC_HIGH_(22-49kW),False
459642,[Restricted] THE MANOR KL (Residential Condo),Jln Tun Razak,W.P. Kuala Lumpur,MY,3.152432,101.719872,1,22.0,AC_HIGH_(22-49kW),False
459641,[Restricted] D'SURIA CONDOMINIUM (Residential Condo),Ampang,W.P. Kuala Lumpur,MY,3.151467,101.747108,1,22.0,AC_HIGH_(22-49kW),False
459640,[Restricted] 10 SEMANTAN SUITES (EAST WING) (Residential Condo),Bukit Damansara A,W.P. Kuala Lumpur,MY,3.151314,101.671043,1,40.0,AC_HIGH_(22-49kW),False
459639,[Restricted] 10 SEMANTAN SUITES (Residential Condo),Bukit Damansara A,W.P. Kuala Lumpur,MY,3.150833,101.670433,1,22.0,AC_HIGH_(22-49kW),False
459638,[Restricted] CASA INDAH 2 CONDOMINIUM (Residential Condo),Tropicana Indah,W.P. Kuala Lumpur,MY,3.149504,101.587891,1,22.0,AC_HIGH_(22-49kW),False
459637,WISMA CHUANG (Commercial),Kuala Lumpur,W.P. Kuala Lumpur,MY,3.149054,101.711357,1,22.0,AC_HIGH_(22-49kW),False
459636,[Restricted] OPAL DAMANSARA CONDOMINIUM (Residential Condo),Petaling Jaya,Selangor,MY,3.148517,101.598381,1,22.0,AC_HIGH_(22-49kW),False
459635,[Restricted] SENTRIO PANDAN CONDOMINIUM (OUTDOOR) (Residential Condo),Kuala Lumpur,W.P. Kuala Lumpur,MY,3.148235,101.737785,1,60.0,DC_FAST_(50-149kW),True
459634,JOURNAL HOTEL BUKIT BINTANG (Hotel),Jalan Tun Ismail,W.P. Kuala Lumpur,MY,3.148212,101.710533,1,11.0,AC_L2_(7.5-21kW),False
459633,[Restricted] REGENCY TOWER (Commercial),Jln Ampang,W.P. Kuala Lumpur,MY,3.147179,101.704971,1,22.0,AC_HIGH_(22-49kW),False
459632,[Restricted] DC RESIDENSI (Residential Condo),Kuala Lumpur,W.P. Kuala Lumpur,MY,3.146692,101.660881,1,22.0,AC_HIGH_(22-49kW),False
459631,[Restricted] THE HORIZON RESIDENCES (Residential Condo),Jln Tun Razak,W.P. Kuala Lumpur,MY,3.145089,101.722572,1,22.0,AC_HIGH_(22-49kW),False
459630,MELIA HOTEL (Hotel),Kuala Lumpur,W.P. Kuala Lumpur,MY,3.143214,101.709831,1,22.0,AC_HIGH_(22-49kW),False
459629,PLAZA BERJAYA (Shopping Mall),Jln Raja Laut,W.P. Kuala Lumpur,MY,3.143053,101.709023,1,22.0,AC_HIGH_(22-49kW),False
459628,[Restricted] RESIDENSI PANDANMAS 2 (Residential Condo),Kampung Pandan,W.P. Kuala Lumpur,MY,3.140326,101.737648,1,22.0,AC_HIGH_(22-49kW),False
459627,[Restricted] [PARTNER EVHUB] LUCENTIA RESIDENCES (Residential Condo),Jln Ampang,W.P. Kuala Lumpur,MY,3.140128,101.708366,1,22.0,AC_HIGH_(22-49kW),False
459626,MENARA TAKAFUL (AC) (Commercial),Kg Attap,W.P. Kuala Lumpur,MY,3.139236,101.696205,1,22.0,AC_HIGH_(22-49kW),False
459625,[Restricted] OPUS RESIDENCES (Residential Condo),Kg Attap,W.P. Kuala Lumpur,MY,3.137392,101.699799,1,22.0,AC_HIGH_(22-49kW),False
459624,[Restricted] Q SENTRAL (Commercial),Kuala Lumpur,W.P. Kuala Lumpur,MY,3.136605,101.687714,1,40.0,AC_HIGH_(22-49kW),False
459623,[Restricted] TOWER B SUNWAY BELFIELD (Residential Condo),Kuala Lumpur,W.P. Kuala Lumpur,MY,3.135861,101.696404,1,22.0,AC_HIGH_(22-49kW),False
459622,[Restricted] SUASANA SENTRAL LOFT (Residential Condo),Jln Tun Razak,W.P. Kuala Lumpur,MY,3.131384,101.683586,1,22.0,AC_HIGH_(22-49kW),False
459621,[Restricted] LUMI TROPICANA (Residential Condo),Petaling Jaya,Selangor,MY,3.129476,101.59417,1,22.0,AC_HIGH_(22-49kW),False
459620,[Restricted] SUNWAY VELOCITY TWO (Residential Condo),Kuala Lumpur,W.P. Kuala Lumpur,MY,3.129367,101.725037,1,22.0,AC_HIGH_(22-49kW),False
459619,SEVENTEEN MALL (Shopping Mall),Petaling Jaya,Selangor,MY,3.128598,101.634811,1,60.0,DC_FAST_(50-149kW),True
459618,(PRIVATE) Chargesini Showroom (Car Showroom),Cheras,W.P. Kuala Lumpur,MY,3.1281,101.754181,1,22.0,AC_HIGH_(22-49kW),False
459617,SHAMELIN STAR RESIDENCE (Residential Condo),Kuala Lumpur,W.P. Kuala Lumpur,MY,3.126423,101.737045,1,40.0,AC_HIGH_(22-49kW),False
459616,[Restricted] NADI BANGSAR SERVICED RESIDENCE (Residential Condo),Bangsar,W.P. Kuala Lumpur,MY,3.125863,101.67514,1,80.0,DC_FAST_(50-149kW),True
459615,[Restricted] TRION 2 @ KL (Residential Condo),Kuala Lumpur,W.P. Kuala Lumpur,MY,3.12525,101.712776,1,40.0,AC_HIGH_(22-49kW),False
459614,[Restricted] PARC 3 RESIDENCE (Residential Condo),Kuala Lumpur,W.P. Kuala Lumpur,MY,3.121749,101.730713,1,22.0,AC_HIGH_(22-49kW),False
459613,[Restricted] SETIA SKY SEPUTEH (Residential Condo),Kuala Lumpur,W.P. Kuala Lumpur,MY,3.12028,101.681557,1,40.0,AC_HIGH_(22-49kW),False
459612,COLUMBIA ASIA HOSPITAL PETALING JAYA (Medical),Petaling Jaya,Selangor,MY,3.118356,101.637642,1,30.0,AC_HIGH_(22-49kW),False
459611,[Restricted] VILA VISTA CHERAS CONDOMINIUM (Residential Condo),Kuala Lumpur,W.P. Kuala Lumpur,MY,3.114405,101.730003,1,40.0,AC_HIGH_(22-49kW),False
459610,D'NETWORK @ SETIA ECO PARK (Commercial),Shah Alam,Selangor,MY,3.108452,101.477661,1,60.0,DC_FAST_(50-149kW),True
459609,[Restricted] KELANA D'PUTERA CONDOMINIUM (Residential Condo),Petaling Jaya,Selangor,MY,3.108021,101.593048,1,22.0,AC_HIGH_(22-49kW),False
459608,[Restricted] VIVO RESIDENCE @ 9 SEPUTEH (Residential Condo),Kuala Lumpur,W.P. Kuala Lumpur,MY,3.105652,101.677086,1,22.0,AC_HIGH_(22-49kW),False
459607,[Restricted] MILLENNIUM SQUARE (Residential Condo),Petaling Jaya,Selangor,MY,3.10489,101.635345,1,60.0,DC_FAST_(50-149kW),True
459606,[Restricted] PAPILLON DESAHILL CONDOMINIUM (Residential Condo),Kuala Lumpur,W.P. Kuala Lumpur,MY,3.102913,101.679718,1,40.0,AC_HIGH_(22-49kW),False
459605,PROTON E.MAS CHERAS- ABLE MOBILITY SDN BHD (Car Showroom),Willayah Persekutuan,W.P. Kuala Lumpur,MY,3.102519,101.734657,1,60.0,DC_FAST_(50-149kW),True
459604,[Restricted] DANAU PERMAI CONDOMINIUM (Residential Condo),Kuala Lumpur,W.P. Kuala Lumpur,MY,3.101011,101.68837,1,22.0,AC_HIGH_(22-49kW),False
459603,[Restricted] SURIA RESIDENCES (Residential Condo),Shah Alam,Selangor,MY,3.098301,101.537277,1,22.0,AC_HIGH_(22-49kW),False
459602,[Restricted] THE HIPSTER TAMAN DESA (Residential Condo),Kuala Lumpur,W.P. Kuala Lumpur,MY,3.098231,101.69014,1,40.0,AC_HIGH_(22-49kW),False
459601,[Restricted] PANGSAPURI SERVIS SURIA JELUTONG (Residential Condo),Shah Alam,Selangor,MY,3.098137,101.538795,1,22.0,AC_HIGH_(22-49kW),False
459600,[Restricted] CASA DESA CONDOMINIUM (Residential Condo),Cheras,W.P. Kuala Lumpur,MY,3.096656,101.679192,1,22.0,AC_HIGH_(22-49kW),False
459599,[Restricted] ABADI RIA CONDOMINIUM (Residential Condo),Cheras,W.P. Kuala Lumpur,MY,3.095673,101.684349,1,22.0,AC_HIGH_(22-49kW),False
459598,HJ SEAFOOD TREASURE (Restaurant),Kuchai Lama,W.P. Kuala Lumpur,MY,3.092424,101.685303,1,40.0,AC_HIGH_(22-49kW),False
459597,[Restricted] UTROPOLIS SUITES TOWER B (Residential Condo),Shah Alam,Selangor,MY,3.09107,101.55896,1,22.0,AC_HIGH_(22-49kW),False
459596,[Restricted] THE HOLMES 2 CONDOMINIUM (Residential Condo),Jln Tun Razak,W.P. Kuala Lumpur,MY,3.088864,101.720764,1,22.0,AC_HIGH_(22-49kW),False
459595,[Restricted] KL PALACE COURT (Residential Condo),Kuala Lumpur,W.P. Kuala Lumpur,MY,3.088201,101.683678,1,22.0,AC_HIGH_(22-49kW),False
459594,[Restricted] ICON CITY (Residential Condo),Petaling Jaya,Selangor,MY,3.087786,101.615036,1,40.0,AC_HIGH_(22-49kW),False
459593,[Restricted] KUCHAI BREM PARK CONDO 1 (Residential Condo),Kuchai Lama,W.P. Kuala Lumpur,MY,3.086742,101.686554,1,22.0,AC_HIGH_(22-49kW),False
459592,CHINT MALAYSIA (Commercial),Shah Alam,Selangor,MY,3.085453,101.572601,1,60.0,DC_FAST_(50-149kW),True
459591,SMILE HOTEL SHAH ALAM (Hotel),Shah Alam,Selangor,MY,3.085349,101.522308,1,22.0,AC_HIGH_(22-49kW),False
459590,[Restricted] PETALZ RESIDENCES @ OLD KLANG ROAD (Residential Condo),Kuala Lumpur,W.P. Kuala Lumpur,MY,3.084323,101.661392,1,40.0,AC_HIGH_(22-49kW),False
459589,[Restricted] WIDURI IMPIAN CONDOMINIUM (Residential Condo),Desa Petaling,W.P. Kuala Lumpur,MY,3.084177,101.713982,1,22.0,AC_HIGH_(22-49kW),False
459588,CONCORDE HOTEL SHAH ALAM (Hotel),Shah Alam,Selangor,MY,3.083955,101.524399,1,22.0,AC_HIGH_(22-49kW),False
459587,[Restricted] CITIZEN 2 @ OLD KLANG ROAD (Residential Condo),Old Klang Road,W.P. Kuala Lumpur,MY,3.081979,101.662781,1,22.0,AC_HIGH_(22-49kW),False
459586,NU EMPIRE SHOPPING GALLERY (Shopping Mall),Subang Jaya,Selangor,MY,3.081778,101.582802,1,60.0,DC_FAST_(50-149kW),True
459585,IKON CONNAUGHT MALL (Shopping Mall),Cheras,W.P. Kuala Lumpur,MY,3.081166,101.731636,1,47.0,AC_HIGH_(22-49kW),False
459584,[Restricted] ONE SOHO SUBANG APARTMENT (Residential Condo),Subang Jaya,Selangor,MY,3.079117,101.572502,1,22.0,AC_HIGH_(22-49kW),False
459583,[Restricted] GREENFIELD RESIDENCE (Residential Condo),Petaling Jaya,Selangor,MY,3.078443,101.613419,1,22.0,AC_HIGH_(22-49kW),False
459582,[Restricted] BOULEVARD SUBANG JAYA (Residential Condo),Subang Jaya,Selangor,MY,3.07837,101.602219,1,40.0,AC_HIGH_(22-49kW),False
459581,[Restricted] PRIMA U1 CONDOMINIUM (Residential Condo),Shah Alam,Selangor,MY,3.078161,101.556183,1,22.0,AC_HIGH_(22-49kW),False
459580,[Restricted] SERINGIN RESIDENCES (Residential Condo),Old Klang Road,W.P. Kuala Lumpur,MY,3.076546,101.686668,1,22.0,AC_HIGH_(22-49kW),False
459579,[Restricted] RIANA SOUTH CONDOMINIUM (Residential Condo),Kuala Lumpur,W.P. Kuala Lumpur,MY,3.076233,101.732903,1,40.0,AC_HIGH_(22-49kW),False
459578,[Restricted] RIVERVILLE RESIDENCES (Residential Condo),Kuala Lumpur,W.P. Kuala Lumpur,MY,3.076086,101.65593,1,22.0,AC_HIGH_(22-49kW),False
459577,[Restricted] ALTITUDE 236 (Residential Condo),Cheras,W.P. Kuala Lumpur,MY,3.076023,101.735252,1,22.0,AC_HIGH_(22-49kW),False
459576,[Restricted] YOU CITY-YOU VISTA (Residential Condo),Cheras,W.P. Kuala Lumpur,MY,3.074682,101.762955,1,22.0,AC_HIGH_(22-49kW),False
459575,[Restricted] GREEN RESIDENCE (Residential Condo),Cheras,W.P. Kuala Lumpur,MY,3.072992,101.755684,1,22.0,AC_HIGH_(22-49kW),False
459574,[Restricted] IMPERIAL RESIDENCE (Residential Condo),Cheras,W.P. Kuala Lumpur,MY,3.072718,101.759346,1,22.0,AC_HIGH_(22-49kW),False
459573,[Restricted] CHERAS HEIGHTS CONDOMINIUM (Residential Condo),Kuala Lumpur,W.P. Kuala Lumpur,MY,3.068582,101.747993,1,22.0,AC_HIGH_(22-49kW),False
459572,[Restricted] ALAM SANJUNG (Residential Condo),Shah Alam,Selangor,MY,3.068384,101.553566,1,22.0,AC_HIGH_(22-49kW),False
459571,[Restricted] WALTZ RESIDENCES (Residential Condo),Puchong,Selangor,MY,3.068148,101.672478,1,22.0,AC_HIGH_(22-49kW),False
459570,PINNACLE SRI PETALING MALL (Grocery),Kuala Lumpur,W.P. Kuala Lumpur,MY,3.067885,101.693985,1,47.0,AC_HIGH_(22-49kW),False
459569,[Restricted] THE GREENS (RESIDENSI HIJAUAN) (Residential Condo),Shah Alam,Selangor,MY,3.067677,101.553314,1,40.0,AC_HIGH_(22-49kW),False
459568,THE FOOD MERCHANT WCITY OUG SALES GALLERY (Grocery),OUG,W.P. Kuala Lumpur,MY,3.067541,101.67411,1,80.0,DC_FAST_(50-149kW),True
459567,[Restricted] PARK VILLA CONDOMINIUM (TOWER A) (Residential Condo),Puchong,Selangor,MY,3.066964,101.625031,1,22.0,AC_HIGH_(22-49kW),False
459566,[Restricted] IMPIAN HEIGHT CONDOMINIUM (Residential Condo),Puchong,Selangor,MY,3.065263,101.625984,1,22.0,AC_HIGH_(22-49kW),False
459565,[Restricted] KIARA RESIDENCE 2 (Residential Condo),Kuala Lumpur,W.P. Kuala Lumpur,MY,3.064063,101.669563,1,11.0,AC_L2_(7.5-21kW),False
459564,THE SUMMIT USJ (Shopping Mall),Subang Jaya,Selangor,MY,3.06024,101.593544,1,60.0,DC_FAST_(50-149kW),True
459563,[Restricted] USJ ONE RESIDENCE (Residential Condo),Subang Jaya,Selangor,MY,3.059559,101.598648,1,40.0,AC_HIGH_(22-49kW),False
459562,[Restricted] CASA GREEN CONDOMINIUM (TOWER A) (Residential Condo),Cheras,W.P. Kuala Lumpur,MY,3.057322,101.761642,1,22.0,AC_HIGH_(22-49kW),False
459561,[Restricted] SAVANNA BUKIT JALIL (Residential Condo),Kuala Lumpur,W.P. Kuala Lumpur,MY,3.056604,101.687775,1,40.0,AC_HIGH_(22-49kW),False
459560,[Restricted] THE HAVRE BUKIT JALIL (Residential Condo),Kuala Lumpur,W.P. Kuala Lumpur,MY,3.056034,101.666908,1,40.0,AC_HIGH_(22-49kW),False
459559,BMC MALL (Shopping Mall),Cheras,W.P. Kuala Lumpur,MY,3.054651,101.786812,1,40.0,AC_HIGH_(22-49kW),False
459558,[Restricted] KEN RIMBA CONDOMINIUM 1 (Residential Condo),Shah Alam,Selangor,MY,3.053399,101.4851,1,22.0,AC_HIGH_(22-49kW),False
459557,[Restricted] EMERALD RESIDENCES (Residential Condo),Cheras,W.P. Kuala Lumpur,MY,3.052281,101.794403,1,22.0,AC_HIGH_(22-49kW),False
459556,[Restricted] THE ZEST @ KINRARA 9 (Residential Condo),Puchong,Selangor,MY,3.052172,101.654312,1,40.0,AC_HIGH_(22-49kW),False
459555,[Restricted] REGENCY KLANG (Residential Condo),Klang,Selangor,MY,3.051143,101.462868,1,22.0,AC_HIGH_(22-49kW),False
459554,[Restricted] TWIN ARKZ (Residential Condo),Desa Petaling,W.P. Kuala Lumpur,MY,3.051014,101.680023,1,22.0,AC_HIGH_(22-49kW),False
459553,[Restricted] VINA RESIDENCY (Residential Condo),Cheras,W.P. Kuala Lumpur,MY,3.049642,101.753036,1,22.0,AC_HIGH_(22-49kW),False
459552,[Restricted] THE NETIZEN (Residential Condo),Cheras,W.P. Kuala Lumpur,MY,3.049329,101.772591,1,60.0,DC_FAST_(50-149kW),True
459551,[Restricted] TEN KINRARA (Residential Condo),Puchong,Selangor,MY,3.047793,101.646339,1,40.0,AC_HIGH_(22-49kW),False
459550,RAYTECH SERI KEMBANGAN (Car Showroom),Seri Kembangan,Selangor,MY,3.0469,101.704361,1,22.0,AC_HIGH_(22-49kW),False
459549,[Restricted] RESIDENSI SUNGAI LONG (Residential Condo),Kajang,Selangor,MY,3.04404,101.803787,1,22.0,AC_HIGH_(22-49kW),False
459548,[Restricted] CLOUD TREE RESIDENCE C (Residential Condo),Seri Kembangan,Selangor,MY,3.043346,101.733009,1,22.0,AC_HIGH_(22-49kW),False
459547,BURAQ OIL LUMUT (Commercial),Puchong,Selangor,MY,3.042961,101.618248,1,60.0,DC_FAST_(50-149kW),True
459546,[Restricted] CLOUD TREE RESIDENCE A (Residential Condo),Seri Kembangan,Selangor,MY,3.04292,101.73111,1,22.0,AC_HIGH_(22-49kW),False
459545,[Restricted] THE SANDERSON (Residential Condo),Seri Kembangan,Selangor,MY,3.042449,101.692055,1,22.0,AC_HIGH_(22-49kW),False
459544,[Restricted] IRIS RESIDENCES (Residential Condo),Kajang,Selangor,MY,3.04221,101.807518,1,22.0,AC_HIGH_(22-49kW),False
459543,[Restricted] PARKLAND RESIDENCES (Residential Condo),Cheras,W.P. Kuala Lumpur,MY,3.041734,101.772774,1,22.0,AC_HIGH_(22-49kW),False
459542,[Restricted] PERMATA RESIDENCE (Residential Condo),Kajang,Selangor,MY,3.029084,101.786896,1,40.0,AC_HIGH_(22-49kW),False
459541,[Restricted] SUTERA PINES APARTMENT (Residential Condo),Kajang,Selangor,MY,3.026803,101.813782,1,22.0,AC_HIGH_(22-49kW),False
459540,[Restricted] ASTETICA RESIDENCES (Residential Condo),Seri Kembangan,Selangor,MY,3.026323,101.716347,1,40.0,AC_HIGH_(22-49kW),False
459539,"AMERIN MALL, SERI KEMBANGAN (Shopping Mall)",Seri Kembangan,Selangor,MY,3.024839,101.751541,1,22.0,AC_HIGH_(22-49kW),False
459538,[Restricted] RESIDENSI BUKIT PALMA (Residential Condo),Kajang,Selangor,MY,3.024755,101.805649,1,22.0,AC_HIGH_(22-49kW),False
459537,[Restricted] RESIDENSI BUKIT PALMA 2 (Residential Condo),Cheras,W.P. Kuala Lumpur,MY,3.02411,101.804726,1,22.0,AC_HIGH_(22-49kW),False
459536,ONE CITY USJ (SKYPARK OUTDOOR) (Shopping Mall),Subang Jaya,Selangor,MY,3.021792,101.580353,1,60.0,DC_FAST_(50-149kW),True
459535,IOI RIO CITY PUCHONG (Shopping Mall),Puchong,Selangor,MY,3.020621,101.623741,1,22.0,AC_HIGH_(22-49kW),False
459534,[Restricted] CONDOMINIUM UNIVERSAL 360 (Residential Condo),Seri Kembangan,Selangor,MY,3.020611,101.71489,1,22.0,AC_HIGH_(22-49kW),False
459533,[Restricted] PANGSAPURI PUNCAK SAUJANA (Residential Condo),Kajang,Selangor,MY,3.017278,101.812614,1,22.0,AC_HIGH_(22-49kW),False
459532,[Restricted] PANGSAPURI SAUJANA PERMAI 2 (Residential Condo),Kajang,Selangor,MY,3.014625,101.810944,1,22.0,AC_HIGH_(22-49kW),False
459531,[Restricted] ZENOPY RESIDENCES (Residential Condo),Seri Kembangan,Selangor,MY,3.007914,101.668701,1,22.0,AC_HIGH_(22-49kW),False
459530,[Restricted] GEO BUKIT RIMAU CONDOMINIUM (Residential Condo),Shah Alam,Selangor,MY,3.000672,101.527245,1,22.0,AC_HIGH_(22-49kW),False
459529,COLUMBIA HOSPITAL BUKIT RIMAU (Medical),Shah Alam,Selangor,MY,2.99737,101.52877,1,40.0,AC_HIGH_(22-49kW),False
459528,ECONSAVE CASH & CARRY PANDAMARAN (Grocery),Klang,Selangor,MY,2.994984,101.419701,1,60.0,DC_FAST_(50-149kW),True
459527,[Restricted] PARAGON 3 CONDOMINIUM (TOWER 1) (Residential Condo),Puchong,Selangor,MY,2.994305,101.650497,1,22.0,AC_HIGH_(22-49kW),False
459526,[Restricted] PARAGON 3 CONDOMINIUM (TOWER 2) (Residential Condo),Seri Kembangan,Selangor,MY,2.993159,101.651047,1,22.0,AC_HIGH_(22-49kW),False
459525,CANVAS HOTEL KLANG (Hotel),Klang,Selangor,MY,2.992799,101.443863,1,22.0,AC_HIGH_(22-49kW),False
459524,[Restricted] JADITE SUITES (Residential Condo),Kajang,Selangor,MY,2.992677,101.757736,1,22.0,AC_HIGH_(22-49kW),False
459523,PARK INN BY RADISSON PUTRAJAYA (Hotel),Kajang,Selangor,MY,2.979283,101.737564,1,22.0,AC_HIGH_(22-49kW),False
459522,[Restricted] DESARIA VILLA CONDOMINIUM (Residential Condo),Puchong,Selangor,MY,2.977706,101.639618,1,22.0,AC_HIGH_(22-49kW),False
459521,[Restricted] D'AMAN RESIDENCES (Residential Condo),Puchong,Selangor,MY,2.975389,101.581833,1,22.0,AC_HIGH_(22-49kW),False
459520,[Restricted] KOI SUITES CONDOMINIUM (Residential Condo),Puchong,Selangor,MY,2.974447,101.579185,1,40.0,AC_HIGH_(22-49kW),False
459519,[Restricted] X2 RESIDENCY (BLOCK A) (Residential Condo),Puchong,Selangor,MY,2.966692,101.593216,1,40.0,AC_HIGH_(22-49kW),False
459518,[Restricted] X2 RESIDENCY (BLOCK B) (Residential Condo),Puchong,Selangor,MY,2.965042,101.593376,1,40.0,AC_HIGH_(22-49kW),False
459517,[Restricted] TASIK RESIDENCY (Residential Condo),Puchong,Selangor,MY,2.963733,101.592911,1,22.0,AC_HIGH_(22-49kW),False
459516,PKNS COMPLEX BANGI (Shopping Mall),Bandar Baru Bangi,Selangor,MY,2.961875,101.757225,1,40.0,AC_HIGH_(22-49kW),False
459515,[Restricted] PUNCAK HIJAUAN CONDOMINIUM (Residential Condo),Kajang,Selangor,MY,2.944719,101.796471,1,22.0,AC_HIGH_(22-49kW),False
459514,[Restricted] BSP SKYPARK (Residential Condo),Jenjarom,Selangor,MY,2.941624,101.587875,1,22.0,AC_HIGH_(22-49kW),False
459513,[Restricted] LAKEFRONT RESIDENCE @ CYBERJAYA (Residential Condo),Cyberjaya,Selangor,MY,2.933997,101.631264,1,22.0,AC_HIGH_(22-49kW),False
459512,BANGI GATEWAY MALL (Shopping Mall),Bandar Baru Bangi,Selangor,MY,2.932871,101.76532,1,60.0,DC_FAST_(50-149kW),True
459511,[Restricted] TAMARA RESIDENCE TOWER A (Residential Condo),Putrajaya,W.P. Kuala Lumpur,MY,2.927745,101.679329,1,22.0,AC_HIGH_(22-49kW),False
459510,[Restricted] LAKEFRONT HOMES @ CYBERJAYA (PR1MA) (Residential Condo),Cyberjaya,Selangor,MY,2.92746,101.631958,1,22.0,AC_HIGH_(22-49kW),False
459509,[Restricted] TAMARA RESIDENCE TOWER C (Residential Condo),Putrajaya,W.P. Kuala Lumpur,MY,2.926,101.679375,1,22.0,AC_HIGH_(22-49kW),False
459508,SHAFTSBURY SQUARE (Commercial),Cyberjaya,Selangor,MY,2.922597,101.661896,1,22.0,AC_HIGH_(22-49kW),False
459507,[Restricted] ALMYRA RESIDENCE (Residential Condo),Kajang,Selangor,MY,2.877916,101.795326,1,22.0,AC_HIGH_(22-49kW),False
459506,[Restricted] PALMERA RESIDENCE (Residential Condo),Kajang,Selangor,MY,2.877094,101.793533,1,22.0,AC_HIGH_(22-49kW),False
459505,HOLIDAY INN SEPANG (Hotel),Sepang,Selangor,MY,2.82035,101.695267,1,22.0,AC_HIGH_(22-49kW),False
459504,"OE RESORT, NEGERI SEMBILAN (Hotel)",Seremban,Negeri Sembilan,MY,2.815522,101.912743,1,22.0,AC_HIGH_(22-49kW),False
459503,ECONSAVE CASH & CARRY BANTING (Grocery),Banting,Selangor,MY,2.811765,101.506699,1,60.0,DC_FAST_(50-149kW),True
459502,TERMINAL 1 SEREMBAN (Shopping Mall),Seremban,Negeri Sembilan,MY,2.722891,101.937012,1,22.0,AC_HIGH_(22-49kW),False
459501,SEREMBAN GATEWAY (Shopping Mall),Seremban,Negeri Sembilan,MY,2.716845,101.920074,1,40.0,AC_HIGH_(22-49kW),False
459500,LOTUS'S SEREMBAN 2 (Shopping Mall),Seremban,Negeri Sembilan,MY,2.712631,101.914429,1,60.0,DC_FAST_(50-149kW),True
459499,MYDIN SENAWANG HYPERMARKET (Shopping Mall),Seremban,Negeri Sembilan,MY,2.70045,101.979942,1,60.0,DC_FAST_(50-149kW),True
459498,MYDIN SEREMBAN 2 (Shopping Mall),Seremban,Negeri Sembilan,MY,2.69512,101.903976,1,60.0,DC_FAST_(50-149kW),True
459497,REGINA MALL PORT DICKSON (Shopping Mall),Port Dickson,Negeri Sembilan,MY,2.524174,101.801422,1,60.0,DC_FAST_(50-149kW),True
459496,MYDIN HYPERMARKET PULAU SEBANG (Shopping Mall),Alor Gajah,Melaka,MY,2.462454,102.231361,1,60.0,DC_FAST_(50-149kW),True
459495,MYDIN BANDAR JASIN (Shopping Mall),Melaka,Melaka,MY,2.280188,102.391357,1,60.0,DC_FAST_(50-149kW),True
459494,MYDIN MITC AYER KEROH (Shopping Mall),Ayer Keroh,Melaka,MY,2.271234,102.291786,1,60.0,DC_FAST_(50-149kW),True
459493,RAYTECH MELAKA (Car Showroom),Melaka,Melaka,MY,2.209156,102.254295,1,60.0,DC_FAST_(50-149kW),True
459492,ORIENTAL MELAKA STRAITS MEDICAL CENTRE (Medical),Melaka,Melaka,MY,2.207943,102.213966,1,20.0,AC_L2_(7.5-21kW),False
459491,"[Restricted] ADMIRAL RESIDENCES, MELAKA (Residential Condo)",Melaka,Melaka,MY,2.200723,102.232895,1,22.0,AC_HIGH_(22-49kW),False
459490,"SWAN GARDEN HOTEL, MELAKA (Hotel)",Melaka,Melaka,MY,2.19383,102.237282,1,40.0,AC_HIGH_(22-49kW),False
459489,HOLIDAY INN MELAKA (BASEMENT) (Hotel),Melaka,Melaka,MY,2.18742,102.247635,1,22.0,AC_HIGH_(22-49kW),False
459488,REMINGTON HOTEL MUAR (Hotel),Muar,Johor,MY,2.044196,102.567108,1,35.0,AC_HIGH_(22-49kW),False
459487,MUO RESORT (Hotel),Muar,Johor,MY,2.037202,102.562996,1,22.0,AC_HIGH_(22-49kW),False
459486,KLUANG PARADE JOHOR (Shopping Mall),Kluang,Johor,MY,2.036453,103.320312,1,40.0,AC_HIGH_(22-49kW),False
459485,PRIME CITY HOTEL (Hotel),Kluang,Johor,MY,2.034902,103.323204,1,22.0,AC_HIGH_(22-49kW),False
459484,TARGET YONG PENG (Shopping Mall),Yong Peng,Melaka,MY,2.006035,103.048004,1,47.0,AC_HIGH_(22-49kW),False
459483,TARGET GRAND SUPERMARKET (TAMAN KLUANG PERDANA) SDN BHD (Grocery),Kluang,Johor,MY,2.002378,103.291092,1,22.0,AC_HIGH_(22-49kW),False
459482,TARGET PARIT RAJA (Grocery),Parit Raja,Johor,MY,1.866485,103.109177,1,80.0,DC_FAST_(50-149kW),True
459481,THE SUMMIT BATU PAHAT (Shopping Mall),Batu Pahat,Johor,MY,1.857076,102.934471,1,40.0,AC_HIGH_(22-49kW),False
459480,THE COMMUNE LIFESTYLE MALL (Shopping Mall),Kulai,Johor,MY,1.642143,103.602264,1,60.0,DC_FAST_(50-149kW),True
459479,ECONSAVE CASH & CARRY SENAI (Grocery),Senai,Johor,MY,1.611948,103.656784,1,60.0,DC_FAST_(50-149kW),True
459478,IMPIANA HOTEL SENAI (Hotel),Senai,Johor,MY,1.593194,103.647102,1,22.0,AC_HIGH_(22-49kW),False
459477,CATHAY RESTAURANT ECO SPRING (Restaurant),Johor Bahru,Johor,MY,1.588687,103.756241,1,60.0,DC_FAST_(50-149kW),True
459476,"RESTAURANT PEKIN DESA CEMERLANG 北京楼, JOHOR (Restaurant)",Ulu Tiram,Johor,MY,1.560008,103.810768,1,40.0,AC_HIGH_(22-49kW),False
459475,[Restricted] RIVERINE GEMZ (Residential Condo),Kuching,Sarawak,MY,1.556243,110.361794,1,22.0,AC_HIGH_(22-49kW),False
459474,THE SPRING KUCHING (Shopping Mall),Kuching,Sarawak,MY,1.535546,110.3582,1,22.0,AC_HIGH_(22-49kW),False
459473,THE PODIUM (Shopping Mall),Kuching,Sarawak,MY,1.529211,110.336014,1,22.0,AC_HIGH_(22-49kW),False
459472,ZUS COFFEE DT - JALAN ROCK (Commercial),Kuching,Sarawak,MY,1.52799,110.340843,1,22.0,AC_HIGH_(22-49kW),False
459471,[Restricted] MOLEK REGENCY (TOWER B) (Residential Condo),Johor Bahru,Johor,MY,1.518907,103.784622,1,40.0,AC_HIGH_(22-49kW),False
459470,SUTERA MALL (OLD WING) (Shopping Mall),Skudai,Johor,MY,1.517355,103.67244,1,40.0,AC_HIGH_(22-49kW),False
459469,PEKIN SUTERA RESTAURANT (Restaurant),Skudai,Johor,MY,1.517046,103.670113,1,80.0,DC_FAST_(50-149kW),True
459468,ECONSAVE PERMAS JAYA (Grocery),Masai,Johor,MY,1.511842,103.816093,1,60.0,DC_FAST_(50-149kW),True
459467,COLUMBIA ASIA HOSPITAL TEBRAU JB (Medical),Johor Bahru,Johor,MY,1.499985,103.765785,1,22.0,AC_HIGH_(22-49kW),False
459466,[PARTNER EVHUB] ANGSANA MALL (Shopping Mall),Skudai,Johor,MY,1.49533,103.706711,1,22.0,AC_HIGH_(22-49kW),False
459465,TODAY'S MARKET (Grocery),Masai,Johor,MY,1.495118,103.87101,1,40.0,AC_HIGH_(22-49kW),False
459464,KPJ PUTERI SPECIALIST HOSPITAL (Medical),Johor Bahru,Johor,MY,1.490253,103.742455,1,22.0,AC_HIGH_(22-49kW),False
459463,"KSL CITY HOTEL, JOHOR BHARU (Hotel)",Johor Bahru,Johor,MY,1.485964,103.762306,1,40.0,AC_HIGH_(22-49kW),False
459462,KSL CITY MALL OUTDOOR (Shopping Mall),Johor Bahru,Johor,MY,1.485749,103.762955,1,80.0,DC_FAST_(50-149kW),True
459461,[Restricted] ZENNITH SUITES (Residential Condo),Johor Bahru,Johor,MY,1.485736,103.753494,1,60.0,DC_FAST_(50-149kW),True
459460,"KSL CITY MALL, JOHOR BHARU (Shopping Mall)",Johor Bahru,Johor,MY,1.485375,103.762886,1,22.0,AC_HIGH_(22-49kW),False
459459,GRAND PARAGON HOTEL (Hotel),Johor Bahru,Johor,MY,1.481227,103.761909,1,60.0,DC_FAST_(50-149kW),True
459458,COLUMBIA ASIA HOSPITAL - ISKANDAR PUTERI (Medical),Johor Bahru,Johor,MY,1.479415,103.63723,1,60.0,DC_FAST_(50-149kW),True
459457,[Restricted] TWIN GALAXY (OUTDOOR) (Residential Condo),Johor Bahru,Johor,MY,1.478155,103.761795,1,120.0,DC_FAST_(50-149kW),True
459456,HOTEL HOLMES GP (Hotel),Gelang Patah,Johor,MY,1.478101,103.583595,1,22.0,AC_HIGH_(22-49kW),False
459455,[Restricted] TWIN GALAXY (BASEMENT 1) (Residential Condo),Johor Bahru,Johor,MY,1.477868,103.76207,1,40.0,AC_HIGH_(22-49kW),False
459454,HOTEL HAKO JBCC (Hotel),Johor Bahru,Johor,MY,1.467939,103.76989,1,22.0,AC_HIGH_(22-49kW),False
459453,[PARTNER EVHUB] MENARA LANDMARK (Commercial),Johor Bahru,Johor,MY,1.465002,103.760117,1,22.0,AC_HIGH_(22-49kW),False
459452,[Restricted] D'SUITES AKASIA HORIZON (Residential Condo),Johor Bahru,Johor,MY,1.448387,103.628876,1,22.0,AC_HIGH_(22-49kW),False
459451,[Restricted] MERIDIN MEDINI EXECUTIVE SUITES (OUTDOOR) (Residential Condo),Iskandar Puteri,Johor,MY,1.421901,103.628975,1,22.0,AC_HIGH_(22-49kW),False
459450,[Restricted] SOUTHERN MARINA RESIDENCES (WEST TOWER) (Residential Condo),Johor Bahru,Johor,MY,1.413567,103.657974,1,22.0,AC_HIGH_(22-49kW),False
459449,[Restricted] SUNWAY GRID RESIDENCE (Residential Condo),Iskandar Puteri,Johor,MY,1.396111,103.632355,1,22.0,AC_HIGH_(22-49kW),False
459422,BHPetrol Persiaran Tengku Ampuan 1 by DC Handal,Shah Alam,Selangor,MY,3.039952,101.547788,2,60.0,DC_FAST_(50-149kW),True
458998,Casa Refleksologi,Triang,Pahang,MY,3.255743,102.429525,1,40.0,AC_HIGH_(22-49kW),False
458997,Hotel Nur,Temerloh,Pahang,MY,3.446719,102.41294,1,40.0,AC_HIGH_(22-49kW),False
458996,Hotel Jelai,Temerloh,Pahang,MY,3.446378,102.413575,1,30.0,AC_HIGH_(22-49kW),False
456362,Pitstop @ Tangkak,Tangakak,Selangor,MY,2.243313,102.53164,8,180.0,DC_ULTRA_(>=150kW),True
313016,ChargeEV,Changlun,Kedah,MY,6.436811,100.429893,2,60.0,DC_FAST_(50-149kW),True
312710,Dataran Bentong,Bentong,Pahang,MY,3.527695,101.905265,1,60.0,DC_FAST_(50-149kW),True
312365,Tealive Bagan Ajam,Butterworth,Pulau Pinang,MY,5.44005,100.382111,1,24.0,AC_HIGH_(22-49kW),False
312364,BYD Showroom Bukit Mertajam Iroll EV,Perai,Pulau Pinang,MY,5.354625,100.419665,2,80.0,DC_FAST_(50-149kW),True
312363,Starbucks Raja Uda DT,Butterworth,Pulau Pinang,MY,5.414817,100.381413,2,60.0,DC_FAST_(50-149kW),True
311714,GO TO-U CHARGING HUB @ PANTAI BATU BUROK,Kuala Terengganu,Terengganu,MY,5.320609,103.154408,2,120.0,DC_FAST_(50-149kW),True
311713,GO TO-U CHARGING HUB @ DATARAN SHAHBANDAR,Kuala Terengganu,Terengganu,MY,5.336943,103.140929,2,120.0,DC_FAST_(50-149kW),True
311405,De'ahza Homestay Gurun,Gurun,Kedah,MY,5.816872,100.47019,1,7.0,AC_L1_(<7.5kW),False
311392,Medini EV Forecourt by DC Handal,Iskandar Puteri,Johor,MY,1.42977,103.632824,28,300.0,DC_ULTRA_(>=150kW),True
311391,Kuantan City Mall (P4) by DC Handal,Kuantan,Pahang,MY,3.817509,103.327572,3,120.0,DC_FAST_(50-149kW),True
311390,MH Hotel Ipoh by DC Handal,Ipoh,Perak,MY,4.621733,101.11715,2,120.0,DC_FAST_(50-149kW),True
311348,JPO Commercial EV Hub by DC Handal,Kulai,Johor,MY,1.60333,103.623448,4,640.0,DC_ULTRA_(>=150kW),True
311299,C-Mart Menara Alor Setar by DC Handal,Alor Setar,Kedah,MY,6.125106,100.368753,6,180.0,DC_ULTRA_(>=150kW),True
311278,EI Charge Bukit Tinggi,Bentong,Pahang,MY,3.353874,101.827226,1,60.0,DC_FAST_(50-149kW),True
308756,Smart Penang,Jelutong,Pulau Pinang,MY,5.400445,100.323363,2,120.0,DC_FAST_(50-149kW),True
307699,AmanJaya Walk by DC Handal,Sungai Petani,Kedah,MY,5.67543,100.50787,2,240.0,DC_ULTRA_(>=150kW),True
306732,United Point Mall Segambut by DC Handal,Kuala Lumpur,W.P. Kuala Lumpur,MY,3.190741,101.653397,2,120.0,DC_FAST_(50-149kW),True
306731,ICE Sales Gallery by DC Handal,Kuala Lumpur,W.P. Kuala Lumpur,MY,3.101579,101.666924,2,120.0,DC_FAST_(50-149kW),True
306730,Pulse Grande Hotel Putrajaya by DC Handal,Putrajaya,W.P. Kuala Lumpur,MY,2.94334,101.699976,2,47.0,AC_HIGH_(22-49kW),False
305583,Petronas NKVE,Petaling Jaya,Selangor,MY,3.119187,101.592813,3,150.0,DC_ULTRA_(>=150kW),True
305530,Gamuda Gardens (200kW DC x 4),Rawang,Selangor,MY,3.283484,101.540259,4,200.0,DC_ULTRA_(>=150kW),True
304542,Petron Kg. Gemuroh (TNB Electron),Kampung Gemuroh,Terengganu,MY,5.349087,103.019088,2,34.0,AC_HIGH_(22-49kW),False
303964,Gurney Plaza,George Town,Pulau Pinang,MY,5.437957,100.309771,4,250.0,DC_ULTRA_(>=150kW),True
302725,"ParkEasy @ Shell HPC East Coast (LPT),Paka, Terengganu (KTN BOUND)",Paka,Terengganu,MY,4.647273,101.731033,1,180.0,DC_ULTRA_(>=150kW),True
302724,"ParkEasy @ Shell HPC East Coast (LPT), Paka, Terengganu (KL BOUND)",Paka,Terengganu,MY,4.645522,103.344374,1,180.0,DC_ULTRA_(>=150kW),True
302723,"ParkEasy @ Shell HPC East Coast (LPT), Perasing - Terengganu",Kemaman,Terengganu,MY,4.020796,103.313992,1,180.0,DC_ULTRA_(>=150kW),True
302466,AEON Mall Kinta City (TNB Electron),Ipoh,Perak,MY,4.61404,101.11803,2,47.0,AC_HIGH_(22-49kW),False
302465,AEON Mall Taiping (TNB Electron),Taiping,Perak,MY,4.87335,100.73086,2,47.0,AC_HIGH_(22-49kW),False
302210,Jalan Maulana Khurasan,Unknown City,Kelantan,MY,6.108795,102.230385,2,47.0,AC_HIGH_(22-49kW),False
302209,AEON Mall Seri Manjung (TNB Electron),Lumut,Perak,MY,4.221061,100.671411,2,47.0,AC_HIGH_(22-49kW),False
301867,Encore Melaka by DC Handal,Malacca City,Melaka,MY,2.188619,102.220033,2,240.0,DC_ULTRA_(>=150kW),True
301623,XPENG Glenmarie by DC Handal,Shah Alam,Selangor,MY,3.088297,101.575379,4,120.0,DC_FAST_(50-149kW),True
301288,Shell Bukit Jalil,Unknown City,W.P. Kuala Lumpur,MY,3.055609,101.704265,1,120.0,DC_FAST_(50-149kW),True
301217,Gamuda Cove,Unknown City,Selangor,MY,2.885082,101.617259,6,250.0,DC_ULTRA_(>=150kW),True
301067,WCE E32 Trong Toll Plaza by DC Handal,Trong,Perak,MY,4.697723,100.722871,4,400.0,DC_ULTRA_(>=150kW),True
300078,Menara MATRADE West Wing by DC Handal,Kuala Lumpur,W.P. Kuala Lumpur,MY,3.177577,101.666105,4,200.0,DC_ULTRA_(>=150kW),True
300077,MG Motor Petaling Jaya by DC Handal,Petaling Jaya,Selangor,MY,3.095361,101.632779,2,47.0,AC_HIGH_(22-49kW),False
299969,WCE E32 Taiping Selatan Toll Plaza by DC Handal,Changkat Jering,Perak,MY,4.767165,100.727096,4,400.0,DC_ULTRA_(>=150kW),True
299968,C-Mart Nibong Tebal by DC Handal,Nibong Tebal,Pulau Pinang,MY,5.178505,100.481221,2,47.0,AC_HIGH_(22-49kW),False
299781,Persiaran TESCO,Unknown City,Perak,MY,4.494426,101.154893,2,60.0,DC_FAST_(50-149kW),True
299716,JomCharge - Hentian Sebelah Senawang Southbound,Senawang,Negeri Sembilan,MY,2.640266,101.995808,4,200.0,DC_ULTRA_(>=150kW),True
299471,Kelab Golf Perkhidmatan Awam (KGPA),Petaling Jaya,Selangor,MY,3.130228,101.643583,3,7.0,AC_L1_(<7.5kW),False
299457,IJM Bayouri Sales Gallery Jawi Penang by DC Handal,Sungai Jawi,Pulau Pinang,MY,5.193248,100.488134,2,47.0,AC_HIGH_(22-49kW),False
299323,IOI City Mall Putrajaya LG Zone D by DC Handal,Putrajaya,W.P. Kuala Lumpur,MY,2.96915,101.714528,7,240.0,DC_ULTRA_(>=150kW),True
299297,Johor Premium Outlets Kulai by DC Handal [200 kW Dynamic DC],Kulai,Johor,MY,1.603002,103.622509,4,400.0,DC_ULTRA_(>=150kW),True
299296,Desaru Coast Riverside Johor by DC Handal [200 kW Dynamic DC],Unknown City,Johor,MY,1.538586,104.264287,2,200.0,DC_ULTRA_(>=150kW),True
299295,The Pines Melaka by DC Handal [100 kW Dynamic DC],Malacca City,Melaka,MY,2.20444,102.252429,2,100.0,DC_FAST_(50-149kW),True
299294,Wisma UOA Damansara II by DC Handal [200 kW Dynamic DC],Kuala Lumpur,W.P. Kuala Lumpur,MY,3.151567,101.666475,4,200.0,DC_ULTRA_(>=150kW),True
299293,UOA Business Park Glenmarie by DC Handal [200 kW Dynamic DC],Shah Alam,Selangor,MY,3.085729,101.586907,4,200.0,DC_ULTRA_(>=150kW),True
299196,Bamboo Hills DUKE by DC Handal,Kuala Lumpur,W.P. Kuala Lumpur,MY,3.194042,101.672929,4,200.0,DC_ULTRA_(>=150kW),True
299195,Wisma MCA Jalan Ampang by DC Handal,Kuala Lumpur,W.P. Kuala Lumpur,MY,3.159974,101.716571,3,150.0,DC_ULTRA_(>=150kW),True
299194,Bangsar South The Vertical (Lazada HQ) by DC Handal,Kuala Lumpu,W.P. Kuala Lumpur,MY,3.111356,101.665664,2,100.0,DC_FAST_(50-149kW),True
299193,Bangsar South The Vertical B1 by DC Handal,Kuala Lumpur,W.P. Kuala Lumpur,MY,3.111414,101.665699,4,47.0,AC_HIGH_(22-49kW),False
299183,Bangsar South The Sphere UG by DC Handal,Kuala Lumpur,W.P. Kuala Lumpur,MY,3.110915,101.667842,6,240.0,DC_ULTRA_(>=150kW),True
299182,Bangsar South The Horizon B1 by DC Handal,Kuala Lumpur,W.P. Kuala Lumpur,MY,3.110894,101.667776,2,30.0,AC_HIGH_(22-49kW),False
299181,Udini Square Gelugor Penang by DC Handal,Gelugor,Pulau Pinang,MY,5.378289,100.314161,2,100.0,DC_FAST_(50-149kW),True
299180,Choo Plaza Georgetown by DC Handal,George Town,Pulau Pinang,MY,5.417976,100.323761,2,90.0,DC_FAST_(50-149kW),True
299179,Ferringhi Garden Restaurant by DC Handal,Batu Ferringhi,Pulau Pinang,MY,5.47126,100.24517,2,47.0,AC_HIGH_(22-49kW),False
298947,WCE E32 Assam Jawa Toll Plaza by DC Handal,Unknown City,Selangor,MY,3.313357,101.374193,2,200.0,DC_ULTRA_(>=150kW),True
298380,Petronas R&R Gunung Semanggol South bound,Unknown City,Perak,MY,4.988317,100.665538,1,150.0,DC_ULTRA_(>=150kW),True
298146,Lebuhraya Utara–Selatan,Behrang,Perak,MY,3.783417,101.446187,4,150.0,DC_ULTRA_(>=150kW),True
298145,"JomCharge, R&R Ulu Bernam",Tanjong Malim,Selangor,MY,3.662865,101.520618,3,150.0,DC_ULTRA_(>=150kW),True
297693,ParkEasy @ Shell HPC Central,PETALING,Selangor,MY,2.98046,101.647189,1,180.0,DC_ULTRA_(>=150kW),True
297559,Handal Indah Depot,Tebrau,Johor,MY,1.534187,103.74642,8,120.0,DC_FAST_(50-149kW),True
297551,Hentian Gua Musang by DC Handal [47 kW Dynamic DC],Gua Musang,Kelantan,MY,4.826541,101.962674,2,47.0,AC_HIGH_(22-49kW),False
297400,JomCharge - Hentian Sebelah Senawang North Bound,LABU,Negeri Sembilan,MY,2.629899,101.99864,4,150.0,DC_ULTRA_(>=150kW),True
297133,Jom Charge - McD Pantai Sentral Park,KL,W.P. Kuala Lumpur,MY,3.102139,101.666601,2,100.0,DC_FAST_(50-149kW),True
297031,ParkEasy @ Da Men Mall,Subang Jaya,Selangor,MY,3.057436,101.592263,2,11.0,AC_L2_(7.5-21kW),False
297030,ParkEasy @ Highlands Hotel Genting (Open air carpark),Genting Highlands,Pahang,MY,3.424091,101.791376,10,360.0,DC_ULTRA_(>=150kW),True
297029,ParkEasy @ Impian Golf & Country Club,Kajang,Selangor,MY,3.01749,101.795035,1,11.0,AC_L2_(7.5-21kW),False
295988,Juru Setia Sentral (TNB Electron),Perai,Pulau Pinang,MY,5.354746,100.418444,2,200.0,DC_ULTRA_(>=150kW),True
295953,ParkEasy @ Pavilion Hotel,Kuala Lumpur,W.P. Kuala Lumpur,MY,3.148408,101.715242,2,11.0,AC_L2_(7.5-21kW),False
295952,ParkEasy @ Banyan Tree KL,Kuala Lumpur,W.P. Kuala Lumpur,MY,3.149979,101.713976,2,11.0,AC_L2_(7.5-21kW),False
295951,ParkEasy @ Pavilion Bukit Jalil AC,Kuala Lumpur,W.P. Kuala Lumpur,MY,3.053061,101.672924,4,22.0,AC_HIGH_(22-49kW),False
290926,Jalan Padang Matsirat,Unknown City,Kedah,MY,6.324574,99.796577,1,22.0,AC_HIGH_(22-49kW),False
290709,Nadi Bangsar,Unknown City,W.P. Kuala Lumpur,MY,3.126062,101.675859,2,80.0,DC_FAST_(50-149kW),True
290708,Starbucks Kuantan Indera Mahkota Dt,Unknown City,Pahang,MY,3.834006,103.299283,2,60.0,DC_FAST_(50-149kW),True
290707,Jalan Kuala Lumpur – Kuantan,Unknown City,Pahang,MY,3.711308,103.126965,3,50.0,DC_FAST_(50-149kW),True
289617,Petronas KLIA 1 (45kW DC),Sepang,Selangor,MY,2.76439,101.683108,1,45.0,AC_HIGH_(22-49kW),False
289127,Permy Mall Miri,Bandar Baru Permyjaya,Sarawak,MY,4.449625,114.037666,1,22.0,AC_HIGH_(22-49kW),False
289126,SEB Miri,Unknown City,Sarawak,MY,4.421063,114.017849,1,22.0,AC_HIGH_(22-49kW),False
289125,Miri Green Community Hub,Unknown City,Sarawak,MY,4.414351,114.00593,1,22.0,AC_HIGH_(22-49kW),False
289124,Miri City Hall,Unknown City,Sarawak,MY,4.387746,113.973637,1,7.4,AC_L1_(<7.5kW),False
289123,The Spring Bintulu,Unknown City,Sarawak,MY,3.180948,113.03494,1,22.0,AC_HIGH_(22-49kW),False
289122,SEB Sibu,Unknown City,Sarawak,MY,2.307779,111.862275,1,22.0,AC_HIGH_(22-49kW),False
289121,Wisma Sanyan,Unknown City,Sarawak,MY,2.290447,111.825545,1,22.0,AC_HIGH_(22-49kW),False
289120,Roxy Serian,Unknown City,Sarawak,MY,1.174374,110.565777,1,22.0,AC_HIGH_(22-49kW),False
289119,Sematan Roxy Hotel,Unknown City,Sarawak,MY,1.82537,109.752144,1,22.0,AC_HIGH_(22-49kW),False
289118,Damai Beach Resort,Unknown City,Sarawak,MY,1.748418,110.31447,1,22.0,AC_HIGH_(22-49kW),False
289117,CENTEXS,Unknown City,Sarawak,MY,1.67551,110.342711,1,120.0,DC_FAST_(50-149kW),True
289116,Petros Darul Hana,Unknown City,Sarawak,MY,1.565038,110.365701,1,60.0,DC_FAST_(50-149kW),True
289115,iCom Square ChargEV,Unknown City,Sarawak,MY,1.551519,110.37296,1,22.0,AC_HIGH_(22-49kW),False
289114,iCom Square x Gentari,Unknown City,Sarawak,MY,1.550736,110.371323,1,150.0,DC_ULTRA_(>=150kW),True
289044,Waterfront Hotel,Unknown City,Sarawak,MY,1.558624,110.344622,1,22.0,AC_HIGH_(22-49kW),False
289043,Mederka Plaza,Unknown City,Sarawak,MY,1.558249,110.343811,1,22.0,AC_HIGH_(22-49kW),False
289042,The Podium,Unknown City,Sarawak,MY,1.52754,110.335858,1,22.0,AC_HIGH_(22-49kW),False
285135,Copthorne Cameron Highlands,Cameron Highlands,Pahang,MY,4.504877,101.408716,6,11.0,AC_L2_(7.5-21kW),False
280188,Lebuhraya Utara–Selatan,Unknown City,Melaka,MY,2.445082,102.206092,5,250.0,DC_ULTRA_(>=150kW),True
280129,ParkEasy @ Horizon Hills Golf & Country Club,Johor Bahru,Johor,MY,1.447303,103.638919,2,11.0,AC_L2_(7.5-21kW),False
279461,ParkEasY @ Lim Tayar TTDI,Unknown City,W.P. Kuala Lumpur,MY,3.141401,101.626409,1,30.0,AC_HIGH_(22-49kW),False
279460,ParkEasy @ Pavilion KL,Unknown City,W.P. Kuala Lumpur,MY,3.150627,101.707636,4,60.0,DC_FAST_(50-149kW),True
279459,"ParkEasy @ IOI Connezion, Putrajaya",Putrajaya,W.P. Kuala Lumpur,MY,2.964514,101.721493,3,11.0,AC_L2_(7.5-21kW),False
279111,ParkEasy @ Paradigm Mall JB,Johor Bahru,Johor,MY,1.518099,103.681681,3,11.0,AC_L2_(7.5-21kW),False
278507,XPark Sunway City Ipoh,Ipoh,Perak,MY,4.620188,101.148315,1,100.0,DC_FAST_(50-149kW),True
274443,ParkEasy @ Decathlon Gurney Paragon,George Town,Pulau Pinang,MY,5.435069,100.310211,3,22.0,AC_HIGH_(22-49kW),False
274442,ParkEasy @ Decathlon Shah Alam,Shah Alam,Selangor,MY,3.069548,101.525208,1,22.0,AC_HIGH_(22-49kW),False
274441,ParkEasy @ Hyatt Regency Kuantan,Kuantan,Pahang,MY,3.811733,103.371704,2,22.0,AC_HIGH_(22-49kW),False
274440,ParkEasy @ MyTOWN Shopping Centre,Unknown City,W.P. Kuala Lumpur,MY,3.134936,101.72292,3,11.0,AC_L2_(7.5-21kW),False
274419,KSL AUTOMOBILE ENTERPRISE,Klang,Selangor,MY,3.032049,101.472256,1,22.0,AC_HIGH_(22-49kW),False
272739,ParkEasy @ Sunway Medical Centre,Petaling Jaya,Selangor,MY,3.066321,101.608658,2,7.0,AC_L1_(<7.5kW),False
272738,ParkEasy @ Thomson Hospital,Petaling Jaya,Selangor,MY,3.149057,101.579262,3,11.0,AC_L2_(7.5-21kW),False
272737,ParkEasy @ Sunway Pyramid,Petaling Jaya,Selangor,MY,3.073018,101.607521,5,3.7,AC_L1_(<7.5kW),False
272736,ParkEasy @ DC Mall,Kuala Lumpur,W.P. Kuala Lumpur,MY,3.14577,101.662457,3,11.0,AC_L2_(7.5-21kW),False
272735,ParkEasy @ Sunway Velocity,Kuala Lumpur,W.P. Kuala Lumpur,MY,3.127205,101.724595,2,3.7,AC_L1_(<7.5kW),False
272734,ParkEasy @ The LINC KL,Kuala Lumpur,W.P. Kuala Lumpur,MY,3.004964,101.786624,2,11.0,AC_L2_(7.5-21kW),False
272733,ParkEasy @ St. Regis KL,Kuala Lumpur,W.P. Kuala Lumpur,MY,3.13685,101.688479,2,11.0,AC_L2_(7.5-21kW),False
272731,ParkEasy @ Gamuda Quayside Mall,Kuala Langat,Selangor,MY,2.956388,101.553831,2,11.0,AC_L2_(7.5-21kW),False
272730,ParkEasy @ The Waterfront,Kuala Lumpur,W.P. Kuala Lumpur,MY,3.187007,101.627782,2,11.0,AC_L2_(7.5-21kW),False
272728,"ParkEasy @ Shell HPC Central, Shell Mint Hotel",Kuala Lumpur,W.P. Kuala Lumpur,MY,3.049333,101.705586,2,60.0,DC_FAST_(50-149kW),True
272716,ParkEasy @ Palm Mall Seremban,Seremban,Negeri Sembilan,MY,2.720525,101.923541,3,11.0,AC_L2_(7.5-21kW),False
270840,ParkEasy @ Leisure Mall,Kuala Lumpur,W.P. Kuala Lumpur,MY,3.090685,101.742125,2,11.0,AC_L2_(7.5-21kW),False
270839,ParkEasy @ Megah Rise Mall,Petaling Jaya,Selangor,MY,3.113778,101.611168,3,11.0,AC_L2_(7.5-21kW),False
270838,ParkEasy @ KSL Esplanade Mall,Klang,Selangor,MY,2.958201,101.465194,2,11.0,AC_L2_(7.5-21kW),False
270836,ParkEasy @ Menara Hap Seng,Kuala Lumpur,W.P. Kuala Lumpur,MY,3.151849,101.706966,2,11.0,AC_L2_(7.5-21kW),False
265773,ParkEasy @ DPULZE,Cyberjaya,Selangor,MY,2.922589,101.651616,3,11.0,AC_L2_(7.5-21kW),False
265772,ParkEasy @ KPJ Damansara 2,Kuala Lumpur,W.P. Kuala Lumpur,MY,3.171454,101.618452,4,11.0,AC_L2_(7.5-21kW),False
265446,ParkEasy @ Decathlon Toppen JB,Johor Bahru,Johor,MY,1.551624,103.798037,3,11.0,AC_L2_(7.5-21kW),False
265144,ParkEasy @ IOI Sierra Fresco,Puchong,Selangor,MY,2.973582,101.654827,4,11.0,AC_L2_(7.5-21kW),False
260568,Project 703 Cafe,Melaka,Melaka,MY,2.19579,102.235561,1,22.0,AC_HIGH_(22-49kW),False
260419,The Concept Hotel Melaka,Melaka,Melaka,MY,2.208494,102.242942,8,240.0,DC_ULTRA_(>=150kW),True
259727,ChargeSini Station Starbucks Megamall (11 kW AC & 22 kW AC),Kuantan,Pahang,MY,3.815117,103.329832,1,22.0,AC_HIGH_(22-49kW),False
259708,Empire seafood Restaurant ChargeSini Station,Kuantan,Pahang,MY,3.763529,101.462221,2,22.0,AC_HIGH_(22-49kW),False
259698,Gentari @ Perdana Hotel Kota Bahru,Unknown City,Kelantan,MY,6.121832,102.241703,4,60.0,DC_FAST_(50-149kW),True
259248,Sime Darby Auto Selection Glenmarie (TNBX),Shah Alam,Selangor,MY,3.08388,101.57588,1,30.0,AC_HIGH_(22-49kW),False
259247,BYD Trec Kuala Lumpur (TNBX),Kuala Lumpur,W.P. Kuala Lumpur,MY,3.141133,101.721098,2,30.0,AC_HIGH_(22-49kW),False
259246,BYD Ara Damasara (TNBX),Petaling Jaya,Selangor,MY,3.11558,101.57016,2,90.0,DC_FAST_(50-149kW),True
259245,Auto Bavaria Ara Damansara (TNBX),Petaling Jaya,Selangor,MY,3.11454,101.569815,2,90.0,DC_FAST_(50-149kW),True
259244,Hyundai Ara Damansara (TNBX),Petaling Jaya,Selangor,MY,3.114903,101.569208,2,60.0,DC_FAST_(50-149kW),True
259243,"Jaguar Land Rover, Ara Damansara",Petaling Jaya,Selangor,MY,3.115026,101.568663,2,180.0,DC_ULTRA_(>=150kW),True
258751,BHP R&R Skudai,Senai,Johor,MY,1.589728,103.635908,1,120.0,DC_FAST_(50-149kW),True
257223,Ayer Keroh OBR Southbound,Alor Gajah,Melaka,MY,2.398323,102.221758,2,50.0,DC_FAST_(50-149kW),True
256493,(EDOTCO) Dataran PHB - Lot 186,Shah Alam,Selangor,MY,3.107952,101.582832,1,22.0,AC_HIGH_(22-49kW),False
235675,Royale Chulan Cherating Villa,Kampung Cherating Lama,Pahang,MY,4.125979,103.398335,1,22.0,AC_HIGH_(22-49kW),False
235087,R&R Tapah (TNB Electron),Tapah,Perak,MY,4.17876,101.289916,1,100.0,DC_FAST_(50-149kW),True
213521,Petronas Jalan Sultan Azlan Shah,Ipoh,Perak,MY,4.621028,101.116862,2,60.0,DC_FAST_(50-149kW),True
213079,Royal Kedah Club - BMW x Rexharge Charging Hub,Alor Setar,Kedah,MY,6.150153,100.370422,4,60.0,DC_FAST_(50-149kW),True
212604,GO TO-U EV Lifestyle Charging Hub @ Rekascape,Cyberjaya,Selangor,MY,2.909099,101.657064,4,120.0,DC_FAST_(50-149kW),True
212603,TNB Electron Paka R&R Northbound,Paka,Terengganu,MY,4.645887,103.342585,2,90.0,DC_FAST_(50-149kW),True
212602,TNB Electron Ayer Keroh R&R Northbound,Alor Gajah,Melaka,MY,2.364024,102.246336,2,90.0,DC_FAST_(50-149kW),True
210973,GENTARI @ XPARK SUNWAY ISKANDAR,Johor,Johor,MY,1.395408,103.625829,1,50.0,DC_FAST_(50-149kW),True
210972,GENTARI @ THE BEAT KIARA BAY,Kuala Lumpur,W.P. Kuala Lumpur,MY,3.226195,101.650337,6,11.0,AC_L2_(7.5-21kW),False
210875,GENTARI @ PANTAI HOSPITAL KL,Kuala Lumpur,W.P. Kuala Lumpur,MY,3.15386,101.713005,2,22.0,AC_HIGH_(22-49kW),False
210873,GENTARI @ LOTUS SETIA TROPIKA,Johor Bharu,Johor,MY,1.548696,103.714318,3,7.0,AC_L1_(<7.5kW),False
210872,GENTARI @ LOTUS DESA TEBRAU,Tebrau,Johor,MY,1.547619,103.793577,3,11.0,AC_L2_(7.5-21kW),False
210871,GENTARI @ KUALA LUMPUR CONVENTION CENTRE,Kuala Lumpur,W.P. Kuala Lumpur,MY,3.154224,101.712785,6,11.0,AC_L2_(7.5-21kW),False
210870,GENTARI @ MENARA KLK,Petaling Jaya,Selangor,MY,3.16103,101.613404,3,11.0,AC_L2_(7.5-21kW),False
210833,Shell Recharge R&R Tapah (SB),Tapah,Perak,MY,4.179123,101.290958,1,180.0,DC_ULTRA_(>=150kW),True
210832,MYDIN Gopeng (ChargeSini) Near MyMart,Unknown City,Perak,MY,4.494875,101.154992,2,60.0,DC_FAST_(50-149kW),True
210709,Gentari x JomCharge @ Bangi Golf Resort,Bandar Baru Bangi,Selangor,MY,2.956996,101.76559,12,120.0,DC_FAST_(50-149kW),True
210685,GENTARI @ SURIA KLCC,Kuala Lumpur,W.P. Kuala Lumpur,MY,3.158277,101.712381,25,30.0,AC_HIGH_(22-49kW),False
210594,Gentari x JomCharge @ XPark Sunway Serene,Petaling Jaya,Selangor,MY,3.090551,101.609457,9,350.0,DC_ULTRA_(>=150kW),True
210593,Gentari @ Petronas Bandar Baru Ayer Hitam,Ayer Hitam,Johor,MY,1.933387,103.187766,7,180.0,DC_ULTRA_(>=150kW),True
210070,D One Motorsports Sdn Bhd,Gombak,Selangor,MY,3.240992,101.718636,1,40.0,AC_HIGH_(22-49kW),False
209760,Petronas Gambang R&R East Coast Expressway (eastbound),Gambang,Pahang,MY,3.723938,102.925246,2,90.0,DC_FAST_(50-149kW),True
206964,Shell R&R Pagoh Northbound,Pagoh,Johor,MY,2.14859,102.698362,2,180.0,DC_ULTRA_(>=150kW),True
204368,Jalan PJU 1A/7,Unknown City,Selangor,MY,3.11553,101.569133,2,60.0,DC_FAST_(50-149kW),True
201669,Abadi Motors Penang,Simpang Ampat,Pulau Pinang,MY,5.33644,100.432702,1,30.0,AC_HIGH_(22-49kW),False
201668,Tian Siang BMW Butterworth,Butterworth,Pulau Pinang,MY,5.373514,100.407352,1,120.0,DC_FAST_(50-149kW),True
201667,Tian Siang BMW Butterworth,Butterworth,Pulau Pinang,MY,5.373353,100.407421,1,120.0,DC_FAST_(50-149kW),True
201461,Gentari @Petronas Pedas Linggi Layby Northbound,Rembau,Negeri Sembilan,MY,2.467094,102.120103,2,180.0,DC_ULTRA_(>=150kW),True
201276,Petronas Juru Layby,Perai,Pulau Pinang,MY,5.354335,100.416141,2,180.0,DC_ULTRA_(>=150kW),True
201260,Petronas Rasah,Mambau,Negeri Sembilan,MY,2.680396,101.92753,1,17.0,AC_L2_(7.5-21kW),False
195394,SRS Automobile Sdn Bhd,Kuching,Sarawak,MY,1.555031,110.340874,1,60.0,DC_FAST_(50-149kW),True
195334,Flexi Parking,Shah Alam,Selangor,MY,3.064948,101.483871,1,22.0,AC_HIGH_(22-49kW),False
193503,Tahap Puncak Sdn Bhd,Melaka,Melaka,MY,2.229938,102.299063,1,60.0,DC_FAST_(50-149kW),True
193463,ACO HQ Johor Bahru,Johor Bahru,Johor,MY,1.536368,103.75321,2,180.0,DC_ULTRA_(>=150kW),True
193462,Petron Jalan Kluang 2,Kluang,Johor,MY,2.020995,103.309853,1,50.0,DC_FAST_(50-149kW),True
193033,LBI Motor Sdn Bhd,Alor Setar,Kedah,MY,6.129047,100.368014,1,60.0,DC_FAST_(50-149kW),True
192590,G-Mart Autocity Subang,Kampung Melayu Subang,Selangor,MY,3.158425,101.528295,1,60.0,DC_FAST_(50-149kW),True
192589,Izuwan Automobile Sdn Bhd,Gombak,Selangor,MY,3.240726,101.706924,2,50.0,DC_FAST_(50-149kW),True
192161,TJM Cars Kuantan,Kuantan,Pahang,MY,3.815088,103.332272,1,60.0,DC_FAST_(50-149kW),True
192078,BMW Tian Siang Ipoh,Ipoh,Perak,MY,4.624274,101.08196,2,120.0,DC_FAST_(50-149kW),True
191085,Shell Tangkak Lay-by (Southbound),Johor,Melaka,MY,2.235759,102.57075,2,180.0,DC_ULTRA_(>=150kW),True
189665,Mall of Medini,Johor Bahru,Johor,MY,1.425374,103.63352,2,22.0,AC_HIGH_(22-49kW),False
189663,Jen Hotel by Shangri-La,Nusajaya,Johor,MY,1.417864,103.656712,2,22.0,AC_HIGH_(22-49kW),False
189656,Forest City Sales Gallery,Johor Bahru,Johor,MY,1.334384,103.591128,3,22.0,AC_HIGH_(22-49kW),False
189645,Palkom Motors,Johor Bahru,Johor,MY,1.530761,103.780678,2,40.0,AC_HIGH_(22-49kW),False
189601,Kiara Bay Sales Gallery,Kiara Bay,W.P. Kuala Lumpur,MY,3.225566,101.650565,2,22.0,AC_HIGH_(22-49kW),False
189600,Petronas Penchala Link KL-Bound,Kampung Palimbayan Indah,W.P. Kuala Lumpur,MY,3.164628,101.620621,1,22.0,AC_HIGH_(22-49kW),False
189599,"Hamza Motors, The Nizra Building",Wilayah Persekutuan,W.P. Kuala Lumpur,MY,3.161423,101.62374,2,60.0,DC_FAST_(50-149kW),True
189565,Behrang Northbound Lay-by,Behrang Ulu,Perak,MY,3.78162,101.446311,4,150.0,DC_ULTRA_(>=150kW),True
189385,Utama Motors,Kuala Lumpur,W.P. Kuala Lumpur,MY,3.160509,101.74151,2,40.0,AC_HIGH_(22-49kW),False
188644,D’Wharf Hotel & Serviced Residence,Port Dickson,Negeri Sembilan,MY,2.522051,101.799338,3,22.0,AC_HIGH_(22-49kW),False
188643,RnR Seremban Northbound,Labu,Negeri Sembilan,MY,2.756836,101.846216,2,22.0,AC_HIGH_(22-49kW),False
188642,Petronas Dengkil R&R Northbound,Taman Sains Selangor 2,Selangor,MY,2.910723,101.609205,1,22.0,AC_HIGH_(22-49kW),False
188641,RnR Dengkil Southbound,Taman Sains Selangor 2,Selangor,MY,2.903953,101.615049,2,22.0,AC_HIGH_(22-49kW),False
188640,Petronas Bukit Jelutong ELITE Layby,Shah Alam,Selangor,MY,3.098753,101.544138,1,22.0,AC_HIGH_(22-49kW),False
188614,Petronas R&R Seremban Southbound,Labu,Negeri Sembilan,MY,2.76336,101.831421,1,22.0,AC_HIGH_(22-49kW),False
188604,Petronas R&R Sungai Perak Northbound,Kuala Kangsar,Perak,MY,4.713001,100.94498,2,180.0,DC_ULTRA_(>=150kW),True
188603,Hentian Rehat Gunung Semanggol (Northbound),Balik Bukit,Perak,MY,4.982474,100.665653,2,22.0,AC_HIGH_(22-49kW),False
188602,Kulim Landmark Central,Kulim,Kedah,MY,5.385568,100.546927,2,22.0,AC_HIGH_(22-49kW),False
188601,Hard Rock Hotel Penang,George Town,Pulau Pinang,MY,5.467906,100.241618,2,22.0,AC_HIGH_(22-49kW),False
188600,Central Square Sg. Petani,Sungai Petani,Kedah,MY,5.636675,100.488294,2,22.0,AC_HIGH_(22-49kW),False
188599,Petronas BKE2 (Butterworth Westbound),Butterworth,Pulau Pinang,MY,5.398008,100.41097,1,24.0,AC_HIGH_(22-49kW),False
188598,Star City Hotel Alor Setar Kedah,Alor Setar,Kedah,MY,6.124538,100.363935,2,22.0,AC_HIGH_(22-49kW),False
188597,Komtar JBCC (JB City Centre),Johor Bahru,Johor,MY,1.464332,103.762441,2,22.0,AC_HIGH_(22-49kW),False
188596,Petronas R&R Skudai Northbound,Senai,Johor,MY,1.579453,103.650469,1,22.0,AC_HIGH_(22-49kW),False
188595,RnR Pagoh Southbound,Singkang,Johor,MY,2.121798,102.793636,2,22.0,AC_HIGH_(22-49kW),False
188594,Wetex Parade,Muar,Johor,MY,2.044295,102.566419,1,22.0,AC_HIGH_(22-49kW),False
188593,R&R Tapah Southbound Southbound,Tanah Mas,Perak,MY,4.181391,101.289206,2,22.0,AC_HIGH_(22-49kW),False
188592,Petronas R&R Tapah Northbound,Kampung Seri Asam,Perak,MY,4.179873,101.288946,1,22.0,AC_HIGH_(22-49kW),False
188584,Genting Premium Outlet (Premium Parking),Genting Highlands,Pahang,MY,3.403135,101.782932,9,7.4,AC_L1_(<7.5kW),False
188581,Petronas Genting Sempah,Unknown City,Pahang,MY,3.351952,101.790857,1,13.0,AC_L2_(7.5-21kW),False
188580,Petronas Bentong R&R,Kampung Orang Asli Sg Miak,Pahang,MY,3.44335,101.893555,1,22.0,AC_HIGH_(22-49kW),False
188566,Petronas Lebuhraya Karak,Kg Sungai Dua,Pahang,MY,3.462699,101.985126,1,22.0,AC_HIGH_(22-49kW),False
188565,PETRONAS Gambung Westbound,Hulu Lepar,Pahang,MY,3.723981,102.918639,3,50.0,DC_FAST_(50-149kW),True
188564,East Coast Expressway,Unknown City,Pahang,MY,3.724212,102.925461,1,22.0,AC_HIGH_(22-49kW),False
174603,Petronas Batu Tiga Federal Highway,Batu Tiga,Selangor,MY,3.080735,101.572303,1,22.0,AC_HIGH_(22-49kW),False
174574,Bukit Raja Toll Plaza,Bukit Raja,Selangor,MY,3.071186,101.473236,1,22.0,AC_HIGH_(22-49kW),False
174566,Petronas Temasya Federal Highway,Glenmarie,Selangor,MY,3.084514,101.583388,1,22.0,AC_HIGH_(22-49kW),False
174565,Primula Beach Resort,Kuala Terengganu,Terengganu,MY,5.329542,103.15023,1,7.4,AC_L1_(<7.5kW),False
174564,Hotel Tanjong Vista,Kuala Terengganu,Terengganu,MY,5.333226,103.148304,1,22.0,AC_HIGH_(22-49kW),False
174560,Resorts World Kijal,Kijal,Terengganu,MY,4.38869,103.455965,1,22.0,AC_HIGH_(22-49kW),False
174558,Subang Parade,Subang Jaya,Selangor,MY,3.081901,101.584208,3,22.0,AC_HIGH_(22-49kW),False
174548,Zaibar Automobile Industries,Shah Alam,Selangor,MY,3.035395,101.557056,2,60.0,DC_FAST_(50-149kW),True
174473,Caltex RnR Bukit Gantang Northbound,Taiping,Perak,MY,4.772833,100.761302,1,50.0,DC_FAST_(50-149kW),True
174459,Caltex RnR Bukit Gantang Southbound,Taiping,Perak,MY,4.773803,100.755371,1,50.0,DC_FAST_(50-149kW),True
174452,Caltex Ayer Keroh RnR Northbound,Alor Gajah,Melaka,MY,2.39832,102.219618,1,50.0,DC_FAST_(50-149kW),True
174451,Ayer Keroh Rest Area Southbound,Ayer Keroh,Melaka,MY,2.3951,102.223577,1,50.0,DC_FAST_(50-149kW),True
174435,ABB Malaysia Sunway,Subang Jaya,Selangor,MY,3.065102,101.597042,1,50.0,DC_FAST_(50-149kW),True
174397,Caltex R&R Skudai Southbound,"Senai, Kulai",Johor,MY,1.589936,103.635146,1,50.0,DC_FAST_(50-149kW),True
95820,IKEA Tebrau,Johor Bahru,Johor,MY,1.552557,103.797913,2,,UNKNOWN,False
67844,SILK,Balakong,W.P. Kuala Lumpur,MY,3.028637,101.719263,1,3.7,AC_L1_(<7.5kW),False
65335,Pintu Barat,Klang,Selangor,MY,3.110268,101.460097,1,3.7,AC_L1_(<7.5kW),False
65334,Lebuhraya Damansara-Puchong,Petaling Jaya,Selangor,MY,3.105081,101.596059,1,37.0,AC_HIGH_(22-49kW),False
65333,Menara MBPJ,Petaling Jaya,Selangor,MY,3.097503,101.64443,1,3.7,AC_L1_(<7.5kW),False
65150,Acson Malaysia Sales & Service Sdn. Bhd.,Petaling Jaya,Selangor,MY,3.073838,101.518347,9,,UNKNOWN,False
62531,The Curve Mall,Petaling Jaya,Selangor,MY,3.15827,101.612485,1,3.7,AC_L1_(<7.5kW),False
62530,Jalan Pudu,Sentul,W.P. Kuala Lumpur,MY,3.144191,101.705909,1,3.7,AC_L1_(<7.5kW),False
62529,Jalan 13/6,Petaling Jaya,Selangor,MY,3.117724,101.63547,1,3.7,AC_L1_(<7.5kW),False
62528,NPE,PJS10,Selangor,MY,3.072638,101.601058,1,3.7,AC_L1_(<7.5kW),False
62527,Persiaran Semarak Api,Cyberia,Selangor,MY,2.938146,101.644753,1,3.7,AC_L1_(<7.5kW),False
62525,Persiaran APEC,Cyberjaya,Selangor,MY,2.907221,101.656301,1,3.7,AC_L1_(<7.5kW),False
62524,5,Melaka Tengah,Melaka,MY,2.290174,102.139638,1,3.7,AC_L1_(<7.5kW),False
62523,Jalan Klebang,Kelebang Besar,Melaka,MY,2.21638,102.194365,1,3.7,AC_L1_(<7.5kW),False
62522,Jalan Tun Perak,Melaka,Melaka,MY,2.209708,102.243628,2,30.0,AC_HIGH_(22-49kW),False
62521,Jalan Molek 1/27,Johor Bahru,Johor,MY,1.52518,103.78427,1,3.7,AC_L1_(<7.5kW),False
57461,Lebuh Laguna Merbok 2,Sungai Petani,Kedah,MY,5.683502,100.493956,1,37.0,AC_HIGH_(22-49kW),False
57460,Persiaran Petronas,Kuala Lumpur,W.P. Kuala Lumpur,MY,3.155937,101.71171,1,37.0,AC_HIGH_(22-49kW),False
57459,Jalan 52/1 33,Petaling Jaya,Selangor,MY,3.09918,101.64509,1,37.0,AC_HIGH_(22-49kW),False
57458,E10,Subang Jaya,Selangor,MY,3.072622,101.597947,1,37.0,AC_HIGH_(22-49kW),False
57457,Persiaran Bakti,Subang Jaya,Selangor,MY,3.051596,101.582347,1,37.0,AC_HIGH_(22-49kW),False
57456,Jalan Usahawan 2,Cyberjaya,Selangor,MY,2.926689,101.662598,1,37.0,AC_HIGH_(22-49kW),False
53546,Jalan 9/10,Bandar Baru Bangi,Selangor,MY,2.957316,101.751333,1,37.0,AC_HIGH_(22-49kW),False
41864,Straits Quay Carpark,Tanjung Tokong,Pulau Pinang,MY,5.457148,100.31297,1,,UNKNOWN,False
